😀	grinning face	grinning face smile happy smileys & emotion	6.1
😃	grinning face with big eyes	grinning face with big eyes smiley happy joy haha smileys & emotion	6.0
😄	grinning face with smiling eyes	grinning face with smiling eyes smile happy joy laugh pleased smileys & emotion	6.0
😁	beaming face with smiling eyes	beaming face with smiling eyes grin smileys & emotion	6.0
😆	grinning squinting face	grinning squinting face laughing satisfied happy haha smileys & emotion	6.0
😅	grinning face with sweat	grinning face with sweat smile sweat_smile hot smileys & emotion	6.0
🤣	rolling on the floor laughing	rolling on the floor laughing rofl lol smileys & emotion	9.0
😂	face with tears of joy	face with tears of joy smileys & emotion	6.0
🙂	slightly smiling face	slightly smiling face slightly_smiling_face smileys & emotion	7.0
🙃	upside-down face	upside down face upside_down_face smileys & emotion	8.0
🫠	melting face	melting face melting_face sarcasm dread smileys & emotion	14.0
😉	winking face	winking face wink flirt smileys & emotion	6.0
😊	smiling face with smiling eyes	smiling face with eyes blush proud smileys & emotion	6.0
😇	smiling face with halo	smiling face with halo innocent angel smileys & emotion	6.0
🥰	smiling face with hearts	smiling face with hearts three smiling_face_with_three_hearts love smileys & emotion	11.0
😍	smiling face with heart-eyes	smiling face with heart eyes heart_eyes love crush smileys & emotion	6.0
🤩	star-struck	star struck star_struck eyes smileys & emotion	11.0
😘	face blowing a kiss	face blowing a kiss kissing heart kissing_heart flirt smileys & emotion	6.0
😗	kissing face	kissing face smileys & emotion	6.1
☺️	smiling face	smiling face relaxed blush pleased smileys & emotion	0
😚	kissing face with closed eyes	kissing face with closed eyes kissing_closed_eyes smileys & emotion	6.0
😙	kissing face with smiling eyes	kissing face with smiling eyes kissing_smiling_eyes smileys & emotion	6.1
🥲	smiling face with tear	smiling face with tear smiling_face_with_tear smileys & emotion	13.0
😋	face savoring food	face savoring food yum tongue lick smileys & emotion	6.0
😛	face with tongue	face with tongue stuck out stuck_out_tongue smileys & emotion	6.1
😜	winking face with tongue	winking face with tongue stuck out eye stuck_out_tongue_winking_eye prank silly smileys & emotion	6.0
🤪	zany face	zany face zany_face goofy wacky smileys & emotion	11.0
😝	squinting face with tongue	squinting face with tongue stuck out closed eyes stuck_out_tongue_closed_eyes prank smileys & emotion	6.0
🤑	money-mouth face	money mouth face money_mouth_face rich smileys & emotion	8.0
🤗	smiling face with open hands	smiling face with open hands hugs smileys & emotion	8.0
🤭	face with hand over mouth	face with hand over mouth hand_over_mouth quiet whoops smileys & emotion	11.0
🫢	face with open eyes and hand over mouth	face with open eyes and hand over mouth face_with_open_eyes_and_hand_over_mouth gasp shock smileys & emotion	14.0
🫣	face with peeking eye	face with peeking eye face_with_peeking_eye smileys & emotion	14.0
🤫	shushing face	shushing face shushing_face silence quiet smileys & emotion	11.0
🤔	thinking face	thinking face smileys & emotion	8.0
🫡	saluting face	saluting face saluting_face respect smileys & emotion	14.0
🤐	zipper-mouth face	zipper mouth face zipper_mouth_face silence hush smileys & emotion	8.0
🤨	face with raised eyebrow	face with raised eyebrow raised_eyebrow suspicious smileys & emotion	11.0
😐	neutral face	neutral face neutral_face meh smileys & emotion	6.0
😑	expressionless face	expressionless face smileys & emotion	6.1
😶	face without mouth	face without mouth no no_mouth mute silence smileys & emotion	6.0
🫥	dotted line face	dotted line face dotted_line_face invisible smileys & emotion	14.0
😶‍🌫️	face in clouds	face in clouds face_in_clouds smileys & emotion	13.1
😏	smirking face	smirking face smirk smug smileys & emotion	6.0
😒	unamused face	unamused face meh smileys & emotion	6.0
🙄	face with rolling eyes	face with rolling eyes roll roll_eyes smileys & emotion	8.0
😬	grimacing face	grimacing face smileys & emotion	6.1
😮‍💨	face exhaling	face exhaling face_exhaling smileys & emotion	13.1
🤥	lying face	lying face lying_face liar smileys & emotion	9.0
🫨	shaking face	shaking face shaking_face shock smileys & emotion	15.0
😌	relieved face	relieved face whew smileys & emotion	6.0
😔	pensive face	pensive face smileys & emotion	6.0
😪	sleepy face	sleepy face tired smileys & emotion	6.0
🤤	drooling face	drooling face drooling_face smileys & emotion	9.0
😴	sleeping face	sleeping face zzz smileys & emotion	6.1
😷	face with medical mask	face with medical mask sick ill smileys & emotion	6.0
🤒	face with thermometer	face with thermometer face_with_thermometer sick smileys & emotion	8.0
🤕	face with head-bandage	face with head bandage face_with_head_bandage hurt smileys & emotion	8.0
🤢	nauseated face	nauseated face nauseated_face sick barf disgusted smileys & emotion	9.0
🤮	face vomiting	face vomiting vomiting_face barf sick smileys & emotion	11.0
🤧	sneezing face	sneezing face sneezing_face achoo sick smileys & emotion	9.0
🥵	hot face	hot face hot_face heat sweating smileys & emotion	11.0
🥶	cold face	cold face cold_face freezing ice smileys & emotion	11.0
🥴	woozy face	woozy face woozy_face groggy smileys & emotion	11.0
😵	face with crossed-out eyes	face with crossed out eyes dizzy dizzy_face smileys & emotion	6.0
😵‍💫	face with spiral eyes	face with spiral eyes face_with_spiral_eyes smileys & emotion	13.1
🤯	exploding head	exploding head exploding_head mind blown smileys & emotion	11.0
🤠	cowboy hat face	cowboy hat face cowboy_hat_face smileys & emotion	9.0
🥳	partying face	partying face partying_face celebration birthday smileys & emotion	11.0
🥸	disguised face	disguised face disguised_face smileys & emotion	13.0
😎	smiling face with sunglasses	smiling face with sunglasses cool smileys & emotion	6.0
🤓	nerd face	nerd face nerd_face geek glasses smileys & emotion	8.0
🧐	face with monocle	face with monocle monocle_face smileys & emotion	11.0
😕	confused face	confused face smileys & emotion	6.1
🫤	face with diagonal mouth	face with diagonal mouth face_with_diagonal_mouth confused smileys & emotion	14.0
😟	worried face	worried face nervous smileys & emotion	6.1
🙁	slightly frowning face	slightly frowning face slightly_frowning_face smileys & emotion	7.0
☹️	frowning face	frowning face frowning_face smileys & emotion	0
😮	face with open mouth	face with open mouth open_mouth surprise impressed wow smileys & emotion	6.1
😯	hushed face	hushed face silence speechless smileys & emotion	6.1
😲	astonished face	astonished face amazed gasp smileys & emotion	6.0
😳	flushed face	flushed face smileys & emotion	6.0
🥺	pleading face	pleading face pleading_face puppy eyes smileys & emotion	11.0
🥹	face holding back tears	face holding back tears face_holding_back_tears gratitude smileys & emotion	14.0
😦	frowning face with open mouth	frowning face with open mouth smileys & emotion	6.1
😧	anguished face	anguished face stunned smileys & emotion	6.1
😨	fearful face	fearful face scared shocked oops smileys & emotion	6.0
😰	anxious face with sweat	anxious face with sweat cold cold_sweat nervous smileys & emotion	6.0
😥	sad but relieved face	sad but relieved face disappointed disappointed_relieved phew sweat nervous smileys & emotion	6.0
😢	crying face	crying face cry sad tear smileys & emotion	6.0
😭	loudly crying face	loudly crying face sob sad cry bawling smileys & emotion	6.0
😱	face screaming in fear	face screaming in fear scream horror shocked smileys & emotion	6.0
😖	confounded face	confounded face smileys & emotion	6.0
😣	persevering face	persevering face persevere struggling smileys & emotion	6.0
😞	disappointed face	disappointed face sad smileys & emotion	6.0
😓	downcast face with sweat	downcast face with sweat smileys & emotion	6.0
😩	weary face	weary face tired smileys & emotion	6.0
😫	tired face	tired face tired_face upset whine smileys & emotion	6.0
🥱	yawning face	yawning face yawning_face smileys & emotion	12.0
😤	face with steam from nose	face with steam from nose triumph smug smileys & emotion	6.0
😡	enraged face	enraged face rage pout angry smileys & emotion	6.0
😠	angry face	angry face mad annoyed smileys & emotion	6.0
🤬	face with symbols on mouth	face with symbols on mouth cursing cursing_face foul smileys & emotion	11.0
😈	smiling face with horns	smiling face with horns imp smiling_imp devil evil smileys & emotion	6.0
👿	angry face with horns	angry face with horns imp devil evil smileys & emotion	6.0
💀	skull	skull dead danger poison smileys & emotion	6.0
☠️	skull and crossbones	skull and crossbones skull_and_crossbones danger pirate smileys & emotion	0
💩	pile of poo	pile of poo hankey poop shit crap smileys & emotion	6.0
🤡	clown face	clown face clown_face smileys & emotion	9.0
👹	ogre	ogre japanese japanese_ogre monster smileys & emotion	6.0
👺	goblin	goblin japanese japanese_goblin smileys & emotion	6.0
👻	ghost	ghost halloween smileys & emotion	6.0
👽	alien	alien ufo smileys & emotion	6.0
👾	alien monster	alien monster space invader space_invader game retro smileys & emotion	6.0
🤖	robot	robot smileys & emotion	8.0
😺	grinning cat	grinning cat smiley smiley_cat smileys & emotion	6.0
😸	grinning cat with smiling eyes	grinning cat with smiling eyes smile smile_cat smileys & emotion	6.0
😹	cat with tears of joy	cat with tears of joy joy_cat smileys & emotion	6.0
😻	smiling cat with heart-eyes	smiling cat with heart eyes heart_eyes_cat smileys & emotion	6.0
😼	cat with wry smile	cat with wry smile smirk smirk_cat smileys & emotion	6.0
😽	kissing cat	kissing cat kissing_cat smileys & emotion	6.0
🙀	weary cat	weary cat scream scream_cat horror smileys & emotion	6.0
😿	crying cat	crying cat face crying_cat_face sad tear smileys & emotion	6.0
😾	pouting cat	pouting cat pouting_cat smileys & emotion	6.0
🙈	see-no-evil monkey	see no evil monkey see_no_evil blind ignore smileys & emotion	6.0
🙉	hear-no-evil monkey	hear no evil monkey hear_no_evil deaf smileys & emotion	6.0
🙊	speak-no-evil monkey	speak no evil monkey speak_no_evil mute hush smileys & emotion	6.0
💌	love letter	love letter love_letter email envelope smileys & emotion	6.0
💘	heart with arrow	heart with arrow cupid love smileys & emotion	6.0
💝	heart with ribbon	heart with ribbon gift gift_heart chocolates smileys & emotion	6.0
💖	sparkling heart	sparkling heart sparkling_heart smileys & emotion	6.0
💗	growing heart	growing heart heartpulse smileys & emotion	6.0
💓	beating heart	beating heart heartbeat smileys & emotion	6.0
💞	revolving hearts	revolving hearts revolving_hearts smileys & emotion	6.0
💕	two hearts	two hearts two_hearts smileys & emotion	6.0
💟	heart decoration	heart decoration heart_decoration smileys & emotion	6.0
❣️	heart exclamation	heart exclamation heavy heavy_heart_exclamation smileys & emotion	0
💔	broken heart	broken heart broken_heart smileys & emotion	6.0
❤️‍🔥	heart on fire	heart on fire heart_on_fire smileys & emotion	13.1
❤️‍🩹	mending heart	mending heart mending_heart smileys & emotion	13.1
❤️	red heart	red heart love smileys & emotion	0
🩷	pink heart	pink heart pink_heart smileys & emotion	15.0
🧡	orange heart	orange heart orange_heart smileys & emotion	11.0
💛	yellow heart	yellow heart yellow_heart smileys & emotion	6.0
💚	green heart	green heart green_heart smileys & emotion	6.0
💙	blue heart	blue heart blue_heart smileys & emotion	6.0
🩵	light blue heart	light blue heart light_blue_heart smileys & emotion	15.0
💜	purple heart	purple heart purple_heart smileys & emotion	6.0
🤎	brown heart	brown heart brown_heart smileys & emotion	12.0
🖤	black heart	black heart black_heart smileys & emotion	9.0
🩶	grey heart	grey heart grey_heart smileys & emotion	15.0
🤍	white heart	white heart white_heart smileys & emotion	12.0
💋	kiss mark	kiss mark lipstick smileys & emotion	6.0
💯	hundred points	hundred points 100 score perfect smileys & emotion	6.0
💢	anger symbol	anger symbol angry smileys & emotion	6.0
💥	collision	collision boom explode smileys & emotion	6.0
💫	dizzy	dizzy star smileys & emotion	6.0
💦	sweat droplets	sweat droplets drops sweat_drops water workout smileys & emotion	6.0
💨	dashing away	dashing away dash wind blow fast smileys & emotion	6.0
🕳️	hole	hole smileys & emotion	7.0
💬	speech balloon	speech balloon speech_balloon comment smileys & emotion	6.0
👁️‍🗨️	eye in speech bubble	eye in speech bubble eye_speech_bubble smileys & emotion	11.0
🗨️	left speech bubble	left speech bubble left_speech_bubble smileys & emotion	11.0
🗯️	right anger bubble	right anger bubble right_anger_bubble smileys & emotion	7.0
💭	thought balloon	thought balloon thought_balloon thinking smileys & emotion	6.0
💤	ZZZ	zzz sleeping smileys & emotion	6.0
👋	waving hand	waving hand wave goodbye people & body	6.0
🤚	raised back of hand	raised back of hand raised_back_of_hand people & body	9.0
🖐️	hand with fingers splayed	hand with fingers splayed raised raised_hand_with_fingers_splayed people & body	7.0
✋	raised hand	raised hand raised_hand highfive stop people & body	6.0
🖖	vulcan salute	vulcan salute vulcan_salute prosper spock people & body	7.0
🫱	rightwards hand	rightwards hand rightwards_hand people & body	14.0
🫲	leftwards hand	leftwards hand leftwards_hand people & body	14.0
🫳	palm down hand	palm down hand palm_down_hand people & body	14.0
🫴	palm up hand	palm up hand palm_up_hand people & body	14.0
🫷	leftwards pushing hand	leftwards pushing hand leftwards_pushing_hand people & body	15.0
🫸	rightwards pushing hand	rightwards pushing hand rightwards_pushing_hand people & body	15.0
👌	OK hand	ok hand ok_hand people & body	6.0
🤌	pinched fingers	pinched fingers pinched_fingers people & body	13.0
🤏	pinching hand	pinching hand pinching_hand people & body	12.0
✌️	victory hand	victory hand v peace people & body	0
🤞	crossed fingers	crossed fingers crossed_fingers luck hopeful people & body	9.0
🫰	hand with index finger and thumb crossed	hand with index finger and thumb crossed hand_with_index_finger_and_thumb_crossed people & body	14.0
🤟	love-you gesture	love you gesture love_you_gesture people & body	11.0
🤘	sign of the horns	sign of the horns metal people & body	8.0
🤙	call me hand	call me hand call_me_hand people & body	9.0
👈	backhand index pointing left	backhand index pointing left point point_left people & body	6.0
👉	backhand index pointing right	backhand index pointing right point point_right people & body	6.0
👆	backhand index pointing up	backhand index pointing up point 2 point_up_2 people & body	6.0
🖕	middle finger	middle finger middle_finger fu people & body	7.0
👇	backhand index pointing down	backhand index pointing down point point_down people & body	6.0
☝️	index pointing up	index pointing up point point_up people & body	0
🫵	index pointing at the viewer	index pointing at the viewer index_pointing_at_the_viewer people & body	14.0
👍	thumbs up	thumbs up +1 thumbsup approve ok people & body	6.0
👎	thumbs down	thumbs down 1 -1 thumbsdown disapprove bury people & body	6.0
✊	raised fist	raised fist fist_raised power people & body	6.0
👊	oncoming fist	oncoming fist fist_oncoming facepunch punch attack people & body	6.0
🤛	left-facing fist	left facing fist fist_left people & body	9.0
🤜	right-facing fist	right facing fist fist_right people & body	9.0
👏	clapping hands	clapping hands clap praise applause people & body	6.0
🙌	raising hands	raising hands raised raised_hands hooray people & body	6.0
🫶	heart hands	heart hands heart_hands love people & body	14.0
👐	open hands	open hands open_hands people & body	6.0
🤲	palms up together	palms up together palms_up_together people & body	11.0
🤝	handshake	handshake deal people & body	9.0
🙏	folded hands	folded hands pray please hope wish people & body	6.0
✍️	writing hand	writing hand writing_hand people & body	0
💅	nail polish	nail polish care nail_care beauty manicure people & body	6.0
🤳	selfie	selfie people & body	9.0
💪	flexed biceps	flexed biceps muscle flex bicep strong workout people & body	6.0
🦾	mechanical arm	mechanical arm mechanical_arm people & body	12.0
🦿	mechanical leg	mechanical leg mechanical_leg people & body	12.0
🦵	leg	leg people & body	11.0
🦶	foot	foot people & body	11.0
👂	ear	ear hear sound listen people & body	6.0
🦻	ear with hearing aid	ear with hearing aid ear_with_hearing_aid people & body	12.0
👃	nose	nose smell people & body	6.0
🧠	brain	brain people & body	11.0
🫀	anatomical heart	anatomical heart anatomical_heart people & body	13.0
🫁	lungs	lungs people & body	13.0
🦷	tooth	tooth people & body	11.0
🦴	bone	bone people & body	11.0
👀	eyes	eyes look see watch people & body	6.0
👁️	eye	eye people & body	7.0
👅	tongue	tongue taste people & body	6.0
👄	mouth	mouth lips kiss people & body	6.0
🫦	biting lip	biting lip biting_lip people & body	14.0
👶	baby	baby child newborn people & body	6.0
🧒	child	child people & body	11.0
👦	boy	boy child people & body	6.0
👧	girl	girl child people & body	6.0
🧑	person	person adult people & body	11.0
👱	person: blond hair	person: blond hair haired person blond_haired_person people & body	6.0
👨	man	man mustache father dad people & body	6.0
🧔	person: beard	person: beard bearded person bearded_person people & body	11.0
🧔‍♂️	man: beard	man: beard man man_beard people & body	13.1
🧔‍♀️	woman: beard	woman: beard woman woman_beard people & body	13.1
👨‍🦰	man: red hair	man: red hair haired man red_haired_man people & body	11.0
👨‍🦱	man: curly hair	man: curly hair haired man curly_haired_man people & body	11.0
👨‍🦳	man: white hair	man: white hair haired man white_haired_man people & body	11.0
👨‍🦲	man: bald	man: bald man bald_man people & body	11.0
👩	woman	woman girls people & body	6.0
👩‍🦰	woman: red hair	woman: red hair haired woman red_haired_woman people & body	11.0
🧑‍🦰	person: red hair	person: red hair person person_red_hair people & body	12.1
👩‍🦱	woman: curly hair	woman: curly hair haired woman curly_haired_woman people & body	11.0
🧑‍🦱	person: curly hair	person: curly hair person person_curly_hair people & body	12.1
👩‍🦳	woman: white hair	woman: white hair haired woman white_haired_woman people & body	11.0
🧑‍🦳	person: white hair	person: white hair person person_white_hair people & body	12.1
👩‍🦲	woman: bald	woman: bald woman bald_woman people & body	11.0
🧑‍🦲	person: bald	person: bald person person_bald people & body	12.1
👱‍♀️	woman: blond hair	woman: blond hair haired woman blond_haired_woman blonde blonde_woman people & body	6.0
👱‍♂️	man: blond hair	man: blond hair haired man blond_haired_man people & body	11.0
🧓	older person	older person adult older_adult people & body	11.0
👴	old man	old man older older_man people & body	6.0
👵	old woman	old woman older older_woman people & body	6.0
🙍	person frowning	person frowning frowning_person people & body	6.0
🙍‍♂️	man frowning	man frowning frowning_man people & body	6.0
🙍‍♀️	woman frowning	woman frowning frowning_woman people & body	11.0
🙎	person pouting	person pouting face pouting_face people & body	6.0
🙎‍♂️	man pouting	man pouting pouting_man people & body	6.0
🙎‍♀️	woman pouting	woman pouting pouting_woman people & body	11.0
🙅	person gesturing NO	person gesturing no good no_good stop halt denied people & body	6.0
🙅‍♂️	man gesturing NO	man gesturing no good no_good_man ng ng_man stop halt denied people & body	6.0
🙅‍♀️	woman gesturing NO	woman gesturing no good no_good_woman ng ng_woman stop halt denied people & body	11.0
🙆	person gesturing OK	person gesturing ok ok_person people & body	6.0
🙆‍♂️	man gesturing OK	man gesturing ok ok_man people & body	6.0
🙆‍♀️	woman gesturing OK	woman gesturing ok ok_woman people & body	11.0
💁	person tipping hand	person tipping hand tipping_hand_person information desk information_desk_person people & body	6.0
💁‍♂️	man tipping hand	man tipping hand tipping_hand_man sassy sassy_man information people & body	6.0
💁‍♀️	woman tipping hand	woman tipping hand tipping_hand_woman sassy sassy_woman information people & body	11.0
🙋	person raising hand	person raising hand raising_hand people & body	6.0
🙋‍♂️	man raising hand	man raising hand raising_hand_man people & body	6.0
🙋‍♀️	woman raising hand	woman raising hand raising_hand_woman people & body	11.0
🧏	deaf person	deaf person deaf_person people & body	12.0
🧏‍♂️	deaf man	deaf man deaf_man people & body	12.0
🧏‍♀️	deaf woman	deaf woman deaf_woman people & body	12.0
🙇	person bowing	person bowing bow respect thanks people & body	6.0
🙇‍♂️	man bowing	man bowing bowing_man respect thanks people & body	11.0
🙇‍♀️	woman bowing	woman bowing bowing_woman respect thanks people & body	6.0
🤦	person facepalming	person facepalming facepalm people & body	11.0
🤦‍♂️	man facepalming	man facepalming man_facepalming people & body	9.0
🤦‍♀️	woman facepalming	woman facepalming woman_facepalming people & body	9.0
🤷	person shrugging	person shrugging shrug people & body	11.0
🤷‍♂️	man shrugging	man shrugging man_shrugging people & body	9.0
🤷‍♀️	woman shrugging	woman shrugging woman_shrugging people & body	9.0
🧑‍⚕️	health worker	health worker health_worker people & body	12.1
👨‍⚕️	man health worker	man health worker man_health_worker doctor nurse people & body	0
👩‍⚕️	woman health worker	woman health worker woman_health_worker doctor nurse people & body	0
🧑‍🎓	student	student people & body	12.1
👨‍🎓	man student	man student man_student graduation people & body	0
👩‍🎓	woman student	woman student woman_student graduation people & body	0
🧑‍🏫	teacher	teacher people & body	12.1
👨‍🏫	man teacher	man teacher man_teacher school professor people & body	0
👩‍🏫	woman teacher	woman teacher woman_teacher school professor people & body	0
🧑‍⚖️	judge	judge people & body	12.1
👨‍⚖️	man judge	man judge man_judge justice people & body	0
👩‍⚖️	woman judge	woman judge woman_judge justice people & body	0
🧑‍🌾	farmer	farmer people & body	12.1
👨‍🌾	man farmer	man farmer man_farmer people & body	0
👩‍🌾	woman farmer	woman farmer woman_farmer people & body	0
🧑‍🍳	cook	cook people & body	12.1
👨‍🍳	man cook	man cook man_cook chef people & body	0
👩‍🍳	woman cook	woman cook woman_cook chef people & body	0
🧑‍🔧	mechanic	mechanic people & body	12.1
👨‍🔧	man mechanic	man mechanic man_mechanic people & body	0
👩‍🔧	woman mechanic	woman mechanic woman_mechanic people & body	0
🧑‍🏭	factory worker	factory worker factory_worker people & body	12.1
👨‍🏭	man factory worker	man factory worker man_factory_worker people & body	0
👩‍🏭	woman factory worker	woman factory worker woman_factory_worker people & body	0
🧑‍💼	office worker	office worker office_worker people & body	12.1
👨‍💼	man office worker	man office worker man_office_worker business people & body	0
👩‍💼	woman office worker	woman office worker woman_office_worker business people & body	0
🧑‍🔬	scientist	scientist people & body	12.1
👨‍🔬	man scientist	man scientist man_scientist research people & body	0
👩‍🔬	woman scientist	woman scientist woman_scientist research people & body	0
🧑‍💻	technologist	technologist people & body	12.1
👨‍💻	man technologist	man technologist man_technologist coder people & body	0
👩‍💻	woman technologist	woman technologist woman_technologist coder people & body	0
🧑‍🎤	singer	singer people & body	12.1
👨‍🎤	man singer	man singer man_singer rockstar people & body	0
👩‍🎤	woman singer	woman singer woman_singer rockstar people & body	0
🧑‍🎨	artist	artist people & body	12.1
👨‍🎨	man artist	man artist man_artist painter people & body	0
👩‍🎨	woman artist	woman artist woman_artist painter people & body	0
🧑‍✈️	pilot	pilot people & body	12.1
👨‍✈️	man pilot	man pilot man_pilot people & body	0
👩‍✈️	woman pilot	woman pilot woman_pilot people & body	0
🧑‍🚀	astronaut	astronaut people & body	12.1
👨‍🚀	man astronaut	man astronaut man_astronaut space people & body	0
👩‍🚀	woman astronaut	woman astronaut woman_astronaut space people & body	0
🧑‍🚒	firefighter	firefighter people & body	12.1
👨‍🚒	man firefighter	man firefighter man_firefighter people & body	0
👩‍🚒	woman firefighter	woman firefighter woman_firefighter people & body	0
👮	police officer	police officer police_officer cop law people & body	6.0
👮‍♂️	man police officer	man police officer policeman law cop people & body	11.0
👮‍♀️	woman police officer	woman police officer policewoman law cop people & body	6.0
🕵️	detective	detective sleuth people & body	7.0
🕵️‍♂️	man detective	man detective male male_detective sleuth people & body	11.0
🕵️‍♀️	woman detective	woman detective female female_detective sleuth people & body	6.0
💂	guard	guard people & body	6.0
💂‍♂️	man guard	man guard guardsman people & body	11.0
💂‍♀️	woman guard	woman guard guardswoman people & body	6.0
🥷	ninja	ninja people & body	13.0
👷	construction worker	construction worker construction_worker helmet people & body	6.0
👷‍♂️	man construction worker	man construction worker construction_worker_man helmet people & body	11.0
👷‍♀️	woman construction worker	woman construction worker construction_worker_woman helmet people & body	6.0
🫅	person with crown	person with crown person_with_crown people & body	14.0
🤴	prince	prince crown royal people & body	9.0
👸	princess	princess crown royal people & body	6.0
👳	person wearing turban	person wearing turban with person_with_turban people & body	6.0
👳‍♂️	man wearing turban	man wearing turban with man_with_turban people & body	11.0
👳‍♀️	woman wearing turban	woman wearing turban with woman_with_turban people & body	6.0
👲	person with skullcap	person with skullcap man gua pi mao man_with_gua_pi_mao people & body	6.0
🧕	woman with headscarf	woman with headscarf woman_with_headscarf hijab people & body	11.0
🤵	person in tuxedo	person in tuxedo person_in_tuxedo groom marriage wedding people & body	9.0
🤵‍♂️	man in tuxedo	man in tuxedo man_in_tuxedo people & body	13.0
🤵‍♀️	woman in tuxedo	woman in tuxedo woman_in_tuxedo people & body	13.0
👰	person with veil	person with veil person_with_veil marriage wedding people & body	6.0
👰‍♂️	man with veil	man with veil man_with_veil people & body	13.0
👰‍♀️	woman with veil	woman with veil woman_with_veil bride bride_with_veil people & body	13.0
🤰	pregnant woman	pregnant woman pregnant_woman people & body	9.0
🫃	pregnant man	pregnant man pregnant_man people & body	14.0
🫄	pregnant person	pregnant person pregnant_person people & body	14.0
🤱	breast-feeding	breast feeding breast_feeding nursing people & body	11.0
👩‍🍼	woman feeding baby	woman feeding baby woman_feeding_baby people & body	13.0
👨‍🍼	man feeding baby	man feeding baby man_feeding_baby people & body	13.0
🧑‍🍼	person feeding baby	person feeding baby person_feeding_baby people & body	13.0
👼	baby angel	baby angel people & body	6.0
🎅	Santa Claus	santa claus christmas people & body	6.0
🤶	Mrs. Claus	mrs. claus mrs mrs_claus santa people & body	9.0
🧑‍🎄	mx claus	mx claus mx_claus people & body	13.0
🦸	superhero	superhero people & body	11.0
🦸‍♂️	man superhero	man superhero superhero_man people & body	11.0
🦸‍♀️	woman superhero	woman superhero superhero_woman people & body	11.0
🦹	supervillain	supervillain people & body	11.0
🦹‍♂️	man supervillain	man supervillain supervillain_man people & body	11.0
🦹‍♀️	woman supervillain	woman supervillain supervillain_woman people & body	11.0
🧙	mage	mage wizard people & body	11.0
🧙‍♂️	man mage	man mage mage_man wizard people & body	11.0
🧙‍♀️	woman mage	woman mage mage_woman wizard people & body	11.0
🧚	fairy	fairy people & body	11.0
🧚‍♂️	man fairy	man fairy fairy_man people & body	11.0
🧚‍♀️	woman fairy	woman fairy fairy_woman people & body	11.0
🧛	vampire	vampire people & body	11.0
🧛‍♂️	man vampire	man vampire vampire_man people & body	11.0
🧛‍♀️	woman vampire	woman vampire vampire_woman people & body	11.0
🧜	merperson	merperson people & body	11.0
🧜‍♂️	merman	merman people & body	11.0
🧜‍♀️	mermaid	mermaid people & body	11.0
🧝	elf	elf people & body	11.0
🧝‍♂️	man elf	man elf elf_man people & body	11.0
🧝‍♀️	woman elf	woman elf elf_woman people & body	11.0
🧞	genie	genie people & body	11.0
🧞‍♂️	man genie	man genie genie_man people & body	11.0
🧞‍♀️	woman genie	woman genie genie_woman people & body	11.0
🧟	zombie	zombie people & body	11.0
🧟‍♂️	man zombie	man zombie zombie_man people & body	11.0
🧟‍♀️	woman zombie	woman zombie zombie_woman people & body	11.0
🧌	troll	troll people & body	14.0
💆	person getting massage	person getting massage spa people & body	6.0
💆‍♂️	man getting massage	man getting massage massage_man spa people & body	6.0
💆‍♀️	woman getting massage	woman getting massage massage_woman spa people & body	11.0
💇	person getting haircut	person getting haircut beauty people & body	6.0
💇‍♂️	man getting haircut	man getting haircut haircut_man people & body	6.0
💇‍♀️	woman getting haircut	woman getting haircut haircut_woman people & body	11.0
🚶	person walking	person walking people & body	6.0
🚶‍♂️	man walking	man walking walking_man people & body	11.0
🚶‍♀️	woman walking	woman walking walking_woman people & body	6.0
🧍	person standing	person standing standing_person people & body	12.0
🧍‍♂️	man standing	man standing standing_man people & body	12.0
🧍‍♀️	woman standing	woman standing standing_woman people & body	12.0
🧎	person kneeling	person kneeling kneeling_person people & body	12.0
🧎‍♂️	man kneeling	man kneeling kneeling_man people & body	12.0
🧎‍♀️	woman kneeling	woman kneeling kneeling_woman people & body	12.0
🧑‍🦯	person with white cane	person with white cane probing person_with_probing_cane people & body	12.1
👨‍🦯	man with white cane	man with white cane probing man_with_probing_cane people & body	12.0
👩‍🦯	woman with white cane	woman with white cane probing woman_with_probing_cane people & body	12.0
🧑‍🦼	person in motorized wheelchair	person in motorized wheelchair person_in_motorized_wheelchair people & body	12.1
👨‍🦼	man in motorized wheelchair	man in motorized wheelchair man_in_motorized_wheelchair people & body	12.0
👩‍🦼	woman in motorized wheelchair	woman in motorized wheelchair woman_in_motorized_wheelchair people & body	12.0
🧑‍🦽	person in manual wheelchair	person in manual wheelchair person_in_manual_wheelchair people & body	12.1
👨‍🦽	man in manual wheelchair	man in manual wheelchair man_in_manual_wheelchair people & body	12.0
👩‍🦽	woman in manual wheelchair	woman in manual wheelchair woman_in_manual_wheelchair people & body	12.0
🏃	person running	person running runner exercise workout marathon people & body	6.0
🏃‍♂️	man running	man running running_man exercise workout marathon people & body	11.0
🏃‍♀️	woman running	woman running running_woman exercise workout marathon people & body	6.0
💃	woman dancing	woman dancing woman_dancing dancer dress people & body	6.0
🕺	man dancing	man dancing man_dancing dancer people & body	9.0
🕴️	person in suit levitating	person in suit levitating business business_suit_levitating people & body	7.0
👯	people with bunny ears	people with bunny ears dancers & body	6.0
👯‍♂️	men with bunny ears	men with bunny ears dancing dancing_men people & body	6.0
👯‍♀️	women with bunny ears	women with bunny ears dancing dancing_women people & body	11.0
🧖	person in steamy room	person in steamy room sauna sauna_person people & body	11.0
🧖‍♂️	man in steamy room	man in steamy room sauna sauna_man people & body	11.0
🧖‍♀️	woman in steamy room	woman in steamy room sauna sauna_woman people & body	11.0
🧗	person climbing	person climbing bouldering people & body	11.0
🧗‍♂️	man climbing	man climbing climbing_man bouldering people & body	11.0
🧗‍♀️	woman climbing	woman climbing climbing_woman bouldering people & body	11.0
🤺	person fencing	person fencing person_fencing people & body	9.0
🏇	horse racing	horse racing horse_racing people & body	6.0
⛷️	skier	skier people & body	5.2
🏂	snowboarder	snowboarder people & body	6.0
🏌️	person golfing	person golfing people & body	7.0
🏌️‍♂️	man golfing	man golfing golfing_man people & body	11.0
🏌️‍♀️	woman golfing	woman golfing golfing_woman people & body	0
🏄	person surfing	person surfing surfer people & body	6.0
🏄‍♂️	man surfing	man surfing surfing_man people & body	11.0
🏄‍♀️	woman surfing	woman surfing surfing_woman people & body	7.0
🚣	person rowing boat	person rowing boat rowboat people & body	6.0
🚣‍♂️	man rowing boat	man rowing boat rowing_man people & body	11.0
🚣‍♀️	woman rowing boat	woman rowing boat rowing_woman people & body	6.0
🏊	person swimming	person swimming swimmer people & body	6.0
🏊‍♂️	man swimming	man swimming swimming_man people & body	11.0
🏊‍♀️	woman swimming	woman swimming swimming_woman people & body	6.0
⛹️	person bouncing ball	person bouncing ball bouncing_ball_person basketball people & body	5.2
⛹️‍♂️	man bouncing ball	man bouncing ball bouncing_ball_man basketball basketball_man people & body	11.0
⛹️‍♀️	woman bouncing ball	woman bouncing ball bouncing_ball_woman basketball basketball_woman people & body	7.0
🏋️	person lifting weights	person lifting weights weight weight_lifting gym workout people & body	7.0
🏋️‍♂️	man lifting weights	man lifting weights weight weight_lifting_man gym workout people & body	11.0
🏋️‍♀️	woman lifting weights	woman lifting weights weight weight_lifting_woman gym workout people & body	6.0
🚴	person biking	person biking bicyclist people & body	6.0
🚴‍♂️	man biking	man biking biking_man people & body	11.0
🚴‍♀️	woman biking	woman biking biking_woman people & body	6.0
🚵	person mountain biking	person mountain biking bicyclist mountain_bicyclist people & body	6.0
🚵‍♂️	man mountain biking	man mountain biking mountain_biking_man people & body	11.0
🚵‍♀️	woman mountain biking	woman mountain biking mountain_biking_woman people & body	6.0
🤸	person cartwheeling	person cartwheeling people & body	11.0
🤸‍♂️	man cartwheeling	man cartwheeling man_cartwheeling people & body	0
🤸‍♀️	woman cartwheeling	woman cartwheeling woman_cartwheeling people & body	0
🤼	people wrestling	people wrestling & body	11.0
🤼‍♂️	men wrestling	men wrestling men_wrestling people & body	9.0
🤼‍♀️	women wrestling	women wrestling women_wrestling people & body	9.0
🤽	person playing water polo	person playing water polo water_polo people & body	11.0
🤽‍♂️	man playing water polo	man playing water polo man_playing_water_polo people & body	9.0
🤽‍♀️	woman playing water polo	woman playing water polo woman_playing_water_polo people & body	9.0
🤾	person playing handball	person playing handball handball_person people & body	11.0
🤾‍♂️	man playing handball	man playing handball man_playing_handball people & body	9.0
🤾‍♀️	woman playing handball	woman playing handball woman_playing_handball people & body	9.0
🤹	person juggling	person juggling juggling_person people & body	11.0
🤹‍♂️	man juggling	man juggling man_juggling people & body	9.0
🤹‍♀️	woman juggling	woman juggling woman_juggling people & body	9.0
🧘	person in lotus position	person in lotus position lotus_position meditation people & body	11.0
🧘‍♂️	man in lotus position	man in lotus position lotus_position_man meditation people & body	11.0
🧘‍♀️	woman in lotus position	woman in lotus position lotus_position_woman meditation people & body	11.0
🛀	person taking bath	person taking bath shower people & body	6.0
🛌	person in bed	person in bed sleeping sleeping_bed people & body	7.0
🧑‍🤝‍🧑	people holding hands	people holding hands people_holding_hands couple date & body	12.0
👭	women holding hands	women holding hands two two_women_holding_hands couple date people & body	6.0
👫	woman and man holding hands	woman and man holding hands couple date people & body	6.0
👬	men holding hands	men holding hands two two_men_holding_hands couple date people & body	6.0
💏	kiss	kiss couplekiss people & body	6.0
👩‍❤️‍💋‍👨	kiss: woman, man	kiss: woman, man couplekiss woman couplekiss_man_woman people & body	11.0
👨‍❤️‍💋‍👨	kiss: man, man	kiss: man, man couplekiss couplekiss_man_man people & body	6.0
👩‍❤️‍💋‍👩	kiss: woman, woman	kiss: woman, woman couplekiss couplekiss_woman_woman people & body	6.0
💑	couple with heart	couple with heart couple_with_heart people & body	6.0
👩‍❤️‍👨	couple with heart: woman, man	couple with heart: woman, man heart woman couple_with_heart_woman_man people & body	11.0
👨‍❤️‍👨	couple with heart: man, man	couple with heart: man, man heart couple_with_heart_man_man people & body	6.0
👩‍❤️‍👩	couple with heart: woman, woman	couple with heart: woman, woman heart couple_with_heart_woman_woman people & body	6.0
👪	family	family home parents child people & body	6.0
👨‍👩‍👦	family: man, woman, boy	family: man, woman, boy family man woman family_man_woman_boy people & body	11.0
👨‍👩‍👧	family: man, woman, girl	family: man, woman, girl family man woman family_man_woman_girl people & body	6.0
👨‍👩‍👧‍👦	family: man, woman, girl, boy	family: man, woman, girl, boy family man woman girl family_man_woman_girl_boy people & body	6.0
👨‍👩‍👦‍👦	family: man, woman, boy, boy	family: man, woman, boy, boy family man woman family_man_woman_boy_boy people & body	6.0
👨‍👩‍👧‍👧	family: man, woman, girl, girl	family: man, woman, girl, girl family man woman family_man_woman_girl_girl people & body	6.0
👨‍👨‍👦	family: man, man, boy	family: man, boy family man family_man_man_boy people & body	6.0
👨‍👨‍👧	family: man, man, girl	family: man, girl family man family_man_man_girl people & body	6.0
👨‍👨‍👧‍👦	family: man, man, girl, boy	family: man, girl, boy family man girl family_man_man_girl_boy people & body	6.0
👨‍👨‍👦‍👦	family: man, man, boy, boy	family: man, boy, boy family man family_man_man_boy_boy people & body	6.0
👨‍👨‍👧‍👧	family: man, man, girl, girl	family: man, girl, girl family man family_man_man_girl_girl people & body	6.0
👩‍👩‍👦	family: woman, woman, boy	family: woman, boy family woman family_woman_woman_boy people & body	6.0
👩‍👩‍👧	family: woman, woman, girl	family: woman, girl family woman family_woman_woman_girl people & body	6.0
👩‍👩‍👧‍👦	family: woman, woman, girl, boy	family: woman, girl, boy family woman girl family_woman_woman_girl_boy people & body	6.0
👩‍👩‍👦‍👦	family: woman, woman, boy, boy	family: woman, boy, boy family woman family_woman_woman_boy_boy people & body	6.0
👩‍👩‍👧‍👧	family: woman, woman, girl, girl	family: woman, girl, girl family woman family_woman_woman_girl_girl people & body	6.0
👨‍👦	family: man, boy	family: man, boy family man family_man_boy people & body	6.0
👨‍👦‍👦	family: man, boy, boy	family: man, boy, boy family man family_man_boy_boy people & body	6.0
👨‍👧	family: man, girl	family: man, girl family man family_man_girl people & body	6.0
👨‍👧‍👦	family: man, girl, boy	family: man, girl, boy family man girl family_man_girl_boy people & body	6.0
👨‍👧‍👧	family: man, girl, girl	family: man, girl, girl family man family_man_girl_girl people & body	6.0
👩‍👦	family: woman, boy	family: woman, boy family woman family_woman_boy people & body	6.0
👩‍👦‍👦	family: woman, boy, boy	family: woman, boy, boy family woman family_woman_boy_boy people & body	6.0
👩‍👧	family: woman, girl	family: woman, girl family woman family_woman_girl people & body	6.0
👩‍👧‍👦	family: woman, girl, boy	family: woman, girl, boy family woman girl family_woman_girl_boy people & body	6.0
👩‍👧‍👧	family: woman, girl, girl	family: woman, girl, girl family woman family_woman_girl_girl people & body	6.0
🗣️	speaking head	speaking head speaking_head people & body	7.0
👤	bust in silhouette	bust in silhouette bust_in_silhouette user people & body	6.0
👥	busts in silhouette	busts in silhouette busts_in_silhouette users group team people & body	6.0
🫂	people hugging	people hugging people_hugging & body	13.0
👣	footprints	footprints feet tracks people & body	6.0
🐵	monkey face	monkey face monkey_face animals & nature	6.0
🐒	monkey	monkey animals & nature	6.0
🦍	gorilla	gorilla animals & nature	9.0
🦧	orangutan	orangutan animals & nature	12.0
🐶	dog face	dog face pet animals & nature	6.0
🐕	dog	dog dog2 animals & nature	6.0
🦮	guide dog	guide dog guide_dog animals & nature	12.0
🐕‍🦺	service dog	service dog service_dog animals & nature	12.0
🐩	poodle	poodle dog animals & nature	6.0
🐺	wolf	wolf animals & nature	6.0
🦊	fox	fox face fox_face animals & nature	9.0
🦝	raccoon	raccoon animals & nature	11.0
🐱	cat face	cat face pet animals & nature	6.0
🐈	cat	cat cat2 animals & nature	6.0
🐈‍⬛	black cat	black cat black_cat animals & nature	13.0
🦁	lion	lion animals & nature	8.0
🐯	tiger face	tiger face animals & nature	6.0
🐅	tiger	tiger tiger2 animals & nature	6.0
🐆	leopard	leopard animals & nature	6.0
🐴	horse face	horse face animals & nature	6.0
🫎	moose	moose canada animals & nature	15.0
🫏	donkey	donkey mule animals & nature	15.0
🐎	horse	horse racehorse speed animals & nature	6.0
🦄	unicorn	unicorn animals & nature	8.0
🦓	zebra	zebra animals & nature	11.0
🦌	deer	deer animals & nature	9.0
🦬	bison	bison animals & nature	13.0
🐮	cow face	cow face animals & nature	6.0
🐂	ox	ox animals & nature	6.0
🐃	water buffalo	water buffalo water_buffalo animals & nature	6.0
🐄	cow	cow cow2 animals & nature	6.0
🐷	pig face	pig face animals & nature	6.0
🐖	pig	pig pig2 animals & nature	6.0
🐗	boar	boar animals & nature	6.0
🐽	pig nose	pig nose pig_nose animals & nature	6.0
🐏	ram	ram animals & nature	6.0
🐑	ewe	ewe sheep animals & nature	6.0
🐐	goat	goat animals & nature	6.0
🐪	camel	camel dromedary dromedary_camel desert animals & nature	6.0
🐫	two-hump camel	two hump camel animals & nature	6.0
🦙	llama	llama animals & nature	11.0
🦒	giraffe	giraffe animals & nature	11.0
🐘	elephant	elephant animals & nature	6.0
🦣	mammoth	mammoth animals & nature	13.0
🦏	rhinoceros	rhinoceros animals & nature	9.0
🦛	hippopotamus	hippopotamus animals & nature	11.0
🐭	mouse face	mouse face animals & nature	6.0
🐁	mouse	mouse mouse2 animals & nature	6.0
🐀	rat	rat animals & nature	6.0
🐹	hamster	hamster pet animals & nature	6.0
🐰	rabbit face	rabbit face bunny animals & nature	6.0
🐇	rabbit	rabbit rabbit2 animals & nature	6.0
🐿️	chipmunk	chipmunk animals & nature	7.0
🦫	beaver	beaver animals & nature	13.0
🦔	hedgehog	hedgehog animals & nature	11.0
🦇	bat	bat animals & nature	9.0
🐻	bear	bear animals & nature	6.0
🐻‍❄️	polar bear	polar bear polar_bear animals & nature	13.0
🐨	koala	koala animals & nature	6.0
🐼	panda	panda face panda_face animals & nature	6.0
🦥	sloth	sloth animals & nature	12.0
🦦	otter	otter animals & nature	12.0
🦨	skunk	skunk animals & nature	12.0
🦘	kangaroo	kangaroo animals & nature	11.0
🦡	badger	badger animals & nature	11.0
🐾	paw prints	paw prints feet paw_prints animals & nature	6.0
🦃	turkey	turkey thanksgiving animals & nature	8.0
🐔	chicken	chicken animals & nature	6.0
🐓	rooster	rooster animals & nature	6.0
🐣	hatching chick	hatching chick hatching_chick animals & nature	6.0
🐤	baby chick	baby chick baby_chick animals & nature	6.0
🐥	front-facing baby chick	front facing baby chick hatched hatched_chick animals & nature	6.0
🐦	bird	bird animals & nature	6.0
🐧	penguin	penguin animals & nature	6.0
🕊️	dove	dove peace animals & nature	7.0
🦅	eagle	eagle animals & nature	9.0
🦆	duck	duck animals & nature	9.0
🦢	swan	swan animals & nature	11.0
🦉	owl	owl animals & nature	9.0
🦤	dodo	dodo animals & nature	13.0
🪶	feather	feather animals & nature	13.0
🦩	flamingo	flamingo animals & nature	12.0
🦚	peacock	peacock animals & nature	11.0
🦜	parrot	parrot animals & nature	11.0
🪽	wing	wing fly animals & nature	15.0
🐦‍⬛	black bird	black bird black_bird animals & nature	15.0
🪿	goose	goose honk animals & nature	15.0
🐸	frog	frog animals & nature	6.0
🐊	crocodile	crocodile animals & nature	6.0
🐢	turtle	turtle slow animals & nature	6.0
🦎	lizard	lizard animals & nature	9.0
🐍	snake	snake animals & nature	6.0
🐲	dragon face	dragon face dragon_face animals & nature	6.0
🐉	dragon	dragon animals & nature	6.0
🦕	sauropod	sauropod dinosaur animals & nature	11.0
🦖	T-Rex	t rex t-rex dinosaur animals & nature	11.0
🐳	spouting whale	spouting whale sea animals & nature	6.0
🐋	whale	whale whale2 animals & nature	6.0
🐬	dolphin	dolphin flipper animals & nature	6.0
🦭	seal	seal animals & nature	13.0
🐟	fish	fish animals & nature	6.0
🐠	tropical fish	tropical fish tropical_fish animals & nature	6.0
🐡	blowfish	blowfish animals & nature	6.0
🦈	shark	shark animals & nature	9.0
🐙	octopus	octopus animals & nature	6.0
🐚	spiral shell	spiral shell sea beach animals & nature	6.0
🪸	coral	coral animals & nature	14.0
🪼	jellyfish	jellyfish animals & nature	15.0
🐌	snail	snail slow animals & nature	6.0
🦋	butterfly	butterfly animals & nature	9.0
🐛	bug	bug animals & nature	6.0
🐜	ant	ant animals & nature	6.0
🐝	honeybee	honeybee bee animals & nature	6.0
🪲	beetle	beetle animals & nature	13.0
🐞	lady beetle	lady beetle lady_beetle bug animals & nature	6.0
🦗	cricket	cricket animals & nature	11.0
🪳	cockroach	cockroach animals & nature	13.0
🕷️	spider	spider animals & nature	7.0
🕸️	spider web	spider web spider_web animals & nature	7.0
🦂	scorpion	scorpion animals & nature	8.0
🦟	mosquito	mosquito animals & nature	11.0
🪰	fly	fly animals & nature	13.0
🪱	worm	worm animals & nature	13.0
🦠	microbe	microbe germ animals & nature	11.0
💐	bouquet	bouquet flowers animals & nature	6.0
🌸	cherry blossom	cherry blossom cherry_blossom flower spring animals & nature	6.0
💮	white flower	white flower white_flower animals & nature	6.0
🪷	lotus	lotus animals & nature	14.0
🏵️	rosette	rosette animals & nature	7.0
🌹	rose	rose flower animals & nature	6.0
🥀	wilted flower	wilted flower wilted_flower animals & nature	9.0
🌺	hibiscus	hibiscus animals & nature	6.0
🌻	sunflower	sunflower animals & nature	6.0
🌼	blossom	blossom animals & nature	6.0
🌷	tulip	tulip flower animals & nature	6.0
🪻	hyacinth	hyacinth animals & nature	15.0
🌱	seedling	seedling plant animals & nature	6.0
🪴	potted plant	potted plant potted_plant animals & nature	13.0
🌲	evergreen tree	evergreen tree evergreen_tree wood animals & nature	6.0
🌳	deciduous tree	deciduous tree deciduous_tree wood animals & nature	6.0
🌴	palm tree	palm tree palm_tree animals & nature	6.0
🌵	cactus	cactus animals & nature	6.0
🌾	sheaf of rice	sheaf of rice ear ear_of_rice animals & nature	6.0
🌿	herb	herb animals & nature	6.0
☘️	shamrock	shamrock animals & nature	4.1
🍀	four leaf clover	four leaf clover four_leaf_clover luck animals & nature	6.0
🍁	maple leaf	maple leaf maple_leaf canada animals & nature	6.0
🍂	fallen leaf	fallen leaf fallen_leaf autumn animals & nature	6.0
🍃	leaf fluttering in wind	leaf fluttering in wind leaves animals & nature	6.0
🪹	empty nest	empty nest empty_nest animals & nature	14.0
🪺	nest with eggs	nest with eggs nest_with_eggs animals & nature	14.0
🍄	mushroom	mushroom fungus animals & nature	6.0
🍇	grapes	grapes food & drink	6.0
🍈	melon	melon food & drink	6.0
🍉	watermelon	watermelon food & drink	6.0
🍊	tangerine	tangerine orange mandarin food & drink	6.0
🍋	lemon	lemon food & drink	6.0
🍌	banana	banana fruit food & drink	6.0
🍍	pineapple	pineapple food & drink	6.0
🥭	mango	mango food & drink	11.0
🍎	red apple	red apple food & drink	6.0
🍏	green apple	green apple green_apple fruit food & drink	6.0
🍐	pear	pear food & drink	6.0
🍑	peach	peach food & drink	6.0
🍒	cherries	cherries fruit food & drink	6.0
🍓	strawberry	strawberry fruit food & drink	6.0
🫐	blueberries	blueberries food & drink	13.0
🥝	kiwi fruit	kiwi fruit kiwi_fruit food & drink	9.0
🍅	tomato	tomato food & drink	6.0
🫒	olive	olive food & drink	13.0
🥥	coconut	coconut food & drink	11.0
🥑	avocado	avocado food & drink	9.0
🍆	eggplant	eggplant aubergine food & drink	6.0
🥔	potato	potato food & drink	9.0
🥕	carrot	carrot food & drink	9.0
🌽	ear of corn	ear of corn food & drink	6.0
🌶️	hot pepper	hot pepper hot_pepper spicy food & drink	7.0
🫑	bell pepper	bell pepper bell_pepper food & drink	13.0
🥒	cucumber	cucumber food & drink	9.0
🥬	leafy green	leafy green leafy_green food & drink	11.0
🥦	broccoli	broccoli food & drink	11.0
🧄	garlic	garlic food & drink	12.0
🧅	onion	onion food & drink	12.0
🥜	peanuts	peanuts food & drink	9.0
🫘	beans	beans food & drink	14.0
🌰	chestnut	chestnut food & drink	6.0
🫚	ginger root	ginger root ginger_root food & drink	15.0
🫛	pea pod	pea pod pea_pod food & drink	15.0
🍞	bread	bread toast food & drink	6.0
🥐	croissant	croissant food & drink	9.0
🥖	baguette bread	baguette bread baguette_bread food & drink	9.0
🫓	flatbread	flatbread food & drink	13.0
🥨	pretzel	pretzel food & drink	11.0
🥯	bagel	bagel food & drink	11.0
🥞	pancakes	pancakes food & drink	9.0
🧇	waffle	waffle food & drink	12.0
🧀	cheese wedge	cheese wedge food & drink	8.0
🍖	meat on bone	meat on bone meat_on_bone food & drink	6.0
🍗	poultry leg	poultry leg poultry_leg meat chicken food & drink	6.0
🥩	cut of meat	cut of meat cut_of_meat food & drink	11.0
🥓	bacon	bacon food & drink	9.0
🍔	hamburger	hamburger burger food & drink	6.0
🍟	french fries	french fries food & drink	6.0
🍕	pizza	pizza food & drink	6.0
🌭	hot dog	hot dog hotdog food & drink	8.0
🥪	sandwich	sandwich food & drink	11.0
🌮	taco	taco food & drink	8.0
🌯	burrito	burrito food & drink	8.0
🫔	tamale	tamale food & drink	13.0
🥙	stuffed flatbread	stuffed flatbread stuffed_flatbread food & drink	9.0
🧆	falafel	falafel food & drink	12.0
🥚	egg	egg food & drink	9.0
🍳	cooking	cooking fried egg fried_egg breakfast food & drink	6.0
🥘	shallow pan of food	shallow pan of food shallow_pan_of_food paella curry & drink	0
🍲	pot of food	pot of food stew & drink	6.0
🫕	fondue	fondue food & drink	13.0
🥣	bowl with spoon	bowl with spoon bowl_with_spoon food & drink	11.0
🥗	green salad	green salad green_salad food & drink	9.0
🍿	popcorn	popcorn food & drink	8.0
🧈	butter	butter food & drink	12.0
🧂	salt	salt food & drink	11.0
🥫	canned food	canned food canned_food & drink	11.0
🍱	bento box	bento box food & drink	6.0
🍘	rice cracker	rice cracker rice_cracker food & drink	6.0
🍙	rice ball	rice ball rice_ball food & drink	6.0
🍚	cooked rice	cooked rice food & drink	6.0
🍛	curry rice	curry rice food & drink	6.0
🍜	steaming bowl	steaming bowl ramen noodle food & drink	6.0
🍝	spaghetti	spaghetti pasta food & drink	6.0
🍠	roasted sweet potato	roasted sweet potato sweet_potato food & drink	6.0
🍢	oden	oden food & drink	6.0
🍣	sushi	sushi food & drink	6.0
🍤	fried shrimp	fried shrimp fried_shrimp tempura food & drink	6.0
🍥	fish cake with swirl	fish cake with swirl fish_cake food & drink	6.0
🥮	moon cake	moon cake moon_cake food & drink	11.0
🍡	dango	dango food & drink	6.0
🥟	dumpling	dumpling food & drink	11.0
🥠	fortune cookie	fortune cookie fortune_cookie food & drink	11.0
🥡	takeout box	takeout box takeout_box food & drink	11.0
🦀	crab	crab food & drink	8.0
🦞	lobster	lobster food & drink	11.0
🦐	shrimp	shrimp food & drink	9.0
🦑	squid	squid food & drink	9.0
🦪	oyster	oyster food & drink	12.0
🍦	soft ice cream	soft ice cream icecream food & drink	6.0
🍧	shaved ice	shaved ice shaved_ice food & drink	6.0
🍨	ice cream	ice cream ice_cream food & drink	6.0
🍩	doughnut	doughnut food & drink	6.0
🍪	cookie	cookie food & drink	6.0
🎂	birthday cake	birthday cake party food & drink	6.0
🍰	shortcake	shortcake cake dessert food & drink	6.0
🧁	cupcake	cupcake food & drink	11.0
🥧	pie	pie food & drink	11.0
🍫	chocolate bar	chocolate bar chocolate_bar food & drink	6.0
🍬	candy	candy sweet food & drink	6.0
🍭	lollipop	lollipop food & drink	6.0
🍮	custard	custard food & drink	6.0
🍯	honey pot	honey pot honey_pot food & drink	6.0
🍼	baby bottle	baby bottle baby_bottle milk food & drink	6.0
🥛	glass of milk	glass of milk milk_glass food & drink	9.0
☕	hot beverage	hot beverage coffee cafe espresso food & drink	4.0
🫖	teapot	teapot food & drink	13.0
🍵	teacup without handle	teacup without handle tea green breakfast food & drink	6.0
🍶	sake	sake food & drink	6.0
🍾	bottle with popping cork	bottle with popping cork champagne bubbly celebration food & drink	8.0
🍷	wine glass	wine glass wine_glass food & drink	6.0
🍸	cocktail glass	cocktail glass drink food &	6.0
🍹	tropical drink	tropical drink tropical_drink summer vacation food &	6.0
🍺	beer mug	beer mug drink food &	6.0
🍻	clinking beer mugs	clinking beer mugs beers drinks food & drink	6.0
🥂	clinking glasses	clinking glasses clinking_glasses cheers toast food & drink	9.0
🥃	tumbler glass	tumbler glass tumbler_glass whisky food & drink	9.0
🫗	pouring liquid	pouring liquid pouring_liquid food & drink	14.0
🥤	cup with straw	cup with straw cup_with_straw food & drink	11.0
🧋	bubble tea	bubble tea bubble_tea food & drink	13.0
🧃	beverage box	beverage box beverage_box food & drink	12.0
🧉	mate	mate food & drink	12.0
🧊	ice	ice cube ice_cube food & drink	12.0
🥢	chopsticks	chopsticks food & drink	11.0
🍽️	fork and knife with plate	fork and knife with plate cutlery plate_with_cutlery dining dinner food & drink	7.0
🍴	fork and knife	fork and knife fork_and_knife cutlery food & drink	6.0
🥄	spoon	spoon food & drink	9.0
🔪	kitchen knife	kitchen knife hocho cut chop food & drink	6.0
🫙	jar	jar food & drink	14.0
🏺	amphora	amphora food & drink	8.0
🌍	globe showing Europe-Africa	globe showing europe africa earth earth_africa world international travel & places	6.0
🌎	globe showing Americas	globe showing americas earth earth_americas world international travel & places	6.0
🌏	globe showing Asia-Australia	globe showing asia australia earth earth_asia world international travel & places	6.0
🌐	globe with meridians	globe with meridians globe_with_meridians world global international travel & places	6.0
🗺️	world map	world map world_map travel & places	7.0
🗾	map of Japan	map of japan travel & places	6.0
🧭	compass	compass travel & places	11.0
🏔️	snow-capped mountain	snow capped mountain mountain_snow travel & places	7.0
⛰️	mountain	mountain travel & places	5.2
🌋	volcano	volcano travel & places	6.0
🗻	mount fuji	mount fuji mount_fuji travel & places	6.0
🏕️	camping	camping travel & places	7.0
🏖️	beach with umbrella	beach with umbrella beach_umbrella travel & places	7.0
🏜️	desert	desert travel & places	7.0
🏝️	desert island	desert island desert_island travel & places	7.0
🏞️	national park	national park national_park travel & places	7.0
🏟️	stadium	stadium travel & places	7.0
🏛️	classical building	classical building classical_building travel & places	7.0
🏗️	building construction	building construction building_construction travel & places	7.0
🧱	brick	brick bricks travel & places	11.0
🪨	rock	rock travel & places	13.0
🪵	wood	wood travel & places	13.0
🛖	hut	hut travel & places	13.0
🏘️	houses	houses travel & places	7.0
🏚️	derelict house	derelict house derelict_house travel & places	7.0
🏠	house	house travel & places	6.0
🏡	house with garden	house with garden house_with_garden travel & places	6.0
🏢	office building	office building travel & places	6.0
🏣	Japanese post office	japanese post office post_office travel & places	6.0
🏤	post office	post office european european_post_office travel & places	6.0
🏥	hospital	hospital travel & places	6.0
🏦	bank	bank travel & places	6.0
🏨	hotel	hotel travel & places	6.0
🏩	love hotel	love hotel love_hotel travel & places	6.0
🏪	convenience store	convenience store convenience_store travel & places	6.0
🏫	school	school travel & places	6.0
🏬	department store	department store department_store travel & places	6.0
🏭	factory	factory travel & places	6.0
🏯	Japanese castle	japanese castle japanese_castle travel & places	6.0
🏰	castle	castle european european_castle travel & places	6.0
💒	wedding	wedding marriage travel & places	6.0
🗼	Tokyo tower	tokyo tower tokyo_tower travel & places	6.0
🗽	Statue of Liberty	statue of liberty statue_of_liberty travel & places	6.0
⛪	church	church travel & places	5.2
🕌	mosque	mosque travel & places	8.0
🛕	hindu temple	hindu temple hindu_temple travel & places	12.0
🕍	synagogue	synagogue travel & places	8.0
⛩️	shinto shrine	shinto shrine shinto_shrine travel & places	5.2
🕋	kaaba	kaaba travel & places	8.0
⛲	fountain	fountain travel & places	5.2
⛺	tent	tent camping travel & places	5.2
🌁	foggy	foggy karl travel & places	6.0
🌃	night with stars	night with stars night_with_stars travel & places	6.0
🏙️	cityscape	cityscape skyline travel & places	7.0
🌄	sunrise over mountains	sunrise over mountains sunrise_over_mountains travel & places	6.0
🌅	sunrise	sunrise travel & places	6.0
🌆	cityscape at dusk	cityscape at dusk city sunset city_sunset travel & places	6.0
🌇	sunset	sunset city sunrise city_sunrise travel & places	6.0
🌉	bridge at night	bridge at night bridge_at_night travel & places	6.0
♨️	hot springs	hot springs hotsprings travel & places	0
🎠	carousel horse	carousel horse carousel_horse travel & places	6.0
🛝	playground slide	playground slide playground_slide travel & places	14.0
🎡	ferris wheel	ferris wheel ferris_wheel travel & places	6.0
🎢	roller coaster	roller coaster roller_coaster travel & places	6.0
💈	barber pole	barber pole travel & places	6.0
🎪	circus tent	circus tent circus_tent travel & places	6.0
🚂	locomotive	locomotive steam steam_locomotive train travel & places	6.0
🚃	railway car	railway car railway_car travel & places	6.0
🚄	high-speed train	high speed train bullettrain side bullettrain_side travel & places	6.0
🚅	bullet train	bullet train bullettrain front bullettrain_front travel & places	6.0
🚆	train	train train2 travel & places	6.0
🚇	metro	metro travel & places	6.0
🚈	light rail	light rail light_rail travel & places	6.0
🚉	station	station travel & places	6.0
🚊	tram	tram travel & places	6.0
🚝	monorail	monorail travel & places	6.0
🚞	mountain railway	mountain railway mountain_railway travel & places	6.0
🚋	tram car	tram car train travel & places	6.0
🚌	bus	bus travel & places	6.0
🚍	oncoming bus	oncoming bus oncoming_bus travel & places	6.0
🚎	trolleybus	trolleybus travel & places	6.0
🚐	minibus	minibus travel & places	6.0
🚑	ambulance	ambulance travel & places	6.0
🚒	fire engine	fire engine fire_engine travel & places	6.0
🚓	police car	police car police_car travel & places	6.0
🚔	oncoming police car	oncoming police car oncoming_police_car travel & places	6.0
🚕	taxi	taxi travel & places	6.0
🚖	oncoming taxi	oncoming taxi oncoming_taxi travel & places	6.0
🚗	automobile	automobile car red red_car travel & places	6.0
🚘	oncoming automobile	oncoming automobile oncoming_automobile travel & places	6.0
🚙	sport utility vehicle	sport utility vehicle blue car blue_car travel & places	6.0
🛻	pickup truck	pickup truck pickup_truck travel & places	13.0
🚚	delivery truck	delivery truck travel & places	6.0
🚛	articulated lorry	articulated lorry articulated_lorry travel & places	6.0
🚜	tractor	tractor travel & places	6.0
🏎️	racing car	racing car racing_car travel & places	7.0
🏍️	motorcycle	motorcycle travel & places	7.0
🛵	motor scooter	motor scooter motor_scooter travel & places	9.0
🦽	manual wheelchair	manual wheelchair manual_wheelchair travel & places	12.0
🦼	motorized wheelchair	motorized wheelchair motorized_wheelchair travel & places	12.0
🛺	auto rickshaw	auto rickshaw auto_rickshaw travel & places	12.0
🚲	bicycle	bicycle bike travel & places	6.0
🛴	kick scooter	kick scooter kick_scooter travel & places	9.0
🛹	skateboard	skateboard travel & places	11.0
🛼	roller skate	roller skate roller_skate travel & places	13.0
🚏	bus stop	bus stop busstop travel & places	6.0
🛣️	motorway	motorway travel & places	7.0
🛤️	railway track	railway track railway_track travel & places	7.0
🛢️	oil drum	oil drum oil_drum travel & places	7.0
⛽	fuel pump	fuel pump fuelpump travel & places	5.2
🛞	wheel	wheel travel & places	14.0
🚨	police car light	police car light rotating rotating_light 911 emergency travel & places	6.0
🚥	horizontal traffic light	horizontal traffic light traffic_light travel & places	6.0
🚦	vertical traffic light	vertical traffic light vertical_traffic_light semaphore travel & places	6.0
🛑	stop sign	stop sign stop_sign travel & places	9.0
🚧	construction	construction wip travel & places	6.0
⚓	anchor	anchor ship travel & places	4.1
🛟	ring buoy	ring buoy ring_buoy life preserver travel & places	14.0
⛵	sailboat	sailboat boat travel & places	5.2
🛶	canoe	canoe travel & places	9.0
🚤	speedboat	speedboat ship travel & places	6.0
🛳️	passenger ship	passenger ship passenger_ship cruise travel & places	7.0
⛴️	ferry	ferry travel & places	5.2
🛥️	motor boat	motor boat motor_boat travel & places	7.0
🚢	ship	ship travel & places	6.0
✈️	airplane	airplane flight travel & places	0
🛩️	small airplane	small airplane small_airplane flight travel & places	7.0
🛫	airplane departure	airplane departure flight flight_departure travel & places	7.0
🛬	airplane arrival	airplane arrival flight flight_arrival travel & places	7.0
🪂	parachute	parachute travel & places	12.0
💺	seat	seat travel & places	6.0
🚁	helicopter	helicopter travel & places	6.0
🚟	suspension railway	suspension railway suspension_railway travel & places	6.0
🚠	mountain cableway	mountain cableway mountain_cableway travel & places	6.0
🚡	aerial tramway	aerial tramway aerial_tramway travel & places	6.0
🛰️	satellite	satellite artificial artificial_satellite orbit space travel & places	7.0
🚀	rocket	rocket ship launch travel & places	6.0
🛸	flying saucer	flying saucer flying_saucer ufo travel & places	11.0
🛎️	bellhop bell	bellhop bell bellhop_bell travel & places	7.0
🧳	luggage	luggage travel & places	11.0
⌛	hourglass done	hourglass done time travel & places	0
⏳	hourglass not done	hourglass not done flowing sand hourglass_flowing_sand time travel & places	6.0
⌚	watch	watch time travel & places	0
⏰	alarm clock	alarm clock alarm_clock morning travel & places	6.0
⏱️	stopwatch	stopwatch travel & places	6.0
⏲️	timer clock	timer clock timer_clock travel & places	6.0
🕰️	mantelpiece clock	mantelpiece clock mantelpiece_clock travel & places	7.0
🕛	twelve o’clock	twelve o’clock clock12 travel & places	6.0
🕧	twelve-thirty	twelve thirty clock1230 travel & places	6.0
🕐	one o’clock	one o’clock clock1 travel & places	6.0
🕜	one-thirty	one thirty clock130 travel & places	6.0
🕑	two o’clock	two o’clock clock2 travel & places	6.0
🕝	two-thirty	two thirty clock230 travel & places	6.0
🕒	three o’clock	three o’clock clock3 travel & places	6.0
🕞	three-thirty	three thirty clock330 travel & places	6.0
🕓	four o’clock	four o’clock clock4 travel & places	6.0
🕟	four-thirty	four thirty clock430 travel & places	6.0
🕔	five o’clock	five o’clock clock5 travel & places	6.0
🕠	five-thirty	five thirty clock530 travel & places	6.0
🕕	six o’clock	six o’clock clock6 travel & places	6.0
🕡	six-thirty	six thirty clock630 travel & places	6.0
🕖	seven o’clock	seven o’clock clock7 travel & places	6.0
🕢	seven-thirty	seven thirty clock730 travel & places	6.0
🕗	eight o’clock	eight o’clock clock8 travel & places	6.0
🕣	eight-thirty	eight thirty clock830 travel & places	6.0
🕘	nine o’clock	nine o’clock clock9 travel & places	6.0
🕤	nine-thirty	nine thirty clock930 travel & places	6.0
🕙	ten o’clock	ten o’clock clock10 travel & places	6.0
🕥	ten-thirty	ten thirty clock1030 travel & places	6.0
🕚	eleven o’clock	eleven o’clock clock11 travel & places	6.0
🕦	eleven-thirty	eleven thirty clock1130 travel & places	6.0
🌑	new moon	new moon new_moon travel & places	6.0
🌒	waxing crescent moon	waxing crescent moon waxing_crescent_moon travel & places	6.0
🌓	first quarter moon	first quarter moon first_quarter_moon travel & places	6.0
🌔	waxing gibbous moon	waxing gibbous moon waxing_gibbous_moon travel & places	6.0
🌕	full moon	full moon full_moon travel & places	6.0
🌖	waning gibbous moon	waning gibbous moon waning_gibbous_moon travel & places	6.0
🌗	last quarter moon	last quarter moon last_quarter_moon travel & places	6.0
🌘	waning crescent moon	waning crescent moon waning_crescent_moon travel & places	6.0
🌙	crescent moon	crescent moon crescent_moon night travel & places	6.0
🌚	new moon face	new moon face with new_moon_with_face travel & places	6.0
🌛	first quarter moon face	first quarter moon face with first_quarter_moon_with_face travel & places	6.0
🌜	last quarter moon face	last quarter moon face with last_quarter_moon_with_face travel & places	6.0
🌡️	thermometer	thermometer travel & places	7.0
☀️	sun	sun sunny weather travel & places	0
🌝	full moon face	full moon face with full_moon_with_face travel & places	6.0
🌞	sun with face	sun with face sun_with_face summer travel & places	6.0
🪐	ringed planet	ringed planet ringed_planet travel & places	12.0
⭐	star	star travel & places	5.1
🌟	glowing star	glowing star star2 travel & places	6.0
🌠	shooting star	shooting star stars travel & places	6.0
🌌	milky way	milky way milky_way travel & places	6.0
☁️	cloud	cloud travel & places	0
⛅	sun behind cloud	sun behind cloud partly sunny partly_sunny weather travel & places	5.2
⛈️	cloud with lightning and rain	cloud with lightning and rain cloud_with_lightning_and_rain travel & places	5.2
🌤️	sun behind small cloud	sun behind small cloud sun_behind_small_cloud travel & places	7.0
🌥️	sun behind large cloud	sun behind large cloud sun_behind_large_cloud travel & places	7.0
🌦️	sun behind rain cloud	sun behind rain cloud sun_behind_rain_cloud travel & places	7.0
🌧️	cloud with rain	cloud with rain cloud_with_rain travel & places	7.0
🌨️	cloud with snow	cloud with snow cloud_with_snow travel & places	7.0
🌩️	cloud with lightning	cloud with lightning cloud_with_lightning travel & places	7.0
🌪️	tornado	tornado travel & places	7.0
🌫️	fog	fog travel & places	7.0
🌬️	wind face	wind face wind_face travel & places	7.0
🌀	cyclone	cyclone swirl travel & places	6.0
🌈	rainbow	rainbow travel & places	6.0
🌂	closed umbrella	closed umbrella closed_umbrella weather rain travel & places	6.0
☂️	umbrella	umbrella open open_umbrella travel & places	0
☔	umbrella with rain drops	umbrella with rain drops weather travel & places	4.0
⛱️	umbrella on ground	umbrella on ground parasol parasol_on_ground beach travel & places	5.2
⚡	high voltage	high voltage zap lightning thunder travel & places	4.0
❄️	snowflake	snowflake winter cold weather travel & places	0
☃️	snowman	snowman with snow snowman_with_snow winter christmas travel & places	0
⛄	snowman without snow	snowman without snow winter travel & places	5.2
☄️	comet	comet travel & places	0
🔥	fire	fire burn travel & places	6.0
💧	droplet	droplet water travel & places	6.0
🌊	water wave	water wave ocean sea travel & places	6.0
🎃	jack-o-lantern	jack o lantern jack_o_lantern halloween activities	6.0
🎄	Christmas tree	christmas tree christmas_tree activities	6.0
🎆	fireworks	fireworks festival celebration activities	6.0
🎇	sparkler	sparkler activities	6.0
🧨	firecracker	firecracker activities	11.0
✨	sparkles	sparkles shiny activities	6.0
🎈	balloon	balloon party birthday activities	6.0
🎉	party popper	party popper tada hooray activities	6.0
🎊	confetti ball	confetti ball confetti_ball activities	6.0
🎋	tanabata tree	tanabata tree tanabata_tree activities	6.0
🎍	pine decoration	pine decoration bamboo activities	6.0
🎎	Japanese dolls	japanese dolls activities	6.0
🎏	carp streamer	carp streamer flags activities	6.0
🎐	wind chime	wind chime wind_chime activities	6.0
🎑	moon viewing ceremony	moon viewing ceremony rice scene rice_scene activities	6.0
🧧	red envelope	red envelope red_envelope activities	11.0
🎀	ribbon	ribbon activities	6.0
🎁	wrapped gift	wrapped gift present birthday christmas activities	6.0
🎗️	reminder ribbon	reminder ribbon reminder_ribbon activities	7.0
🎟️	admission tickets	admission tickets activities	7.0
🎫	ticket	ticket activities	6.0
🎖️	military medal	military medal medal_military activities	7.0
🏆	trophy	trophy award contest winner activities	6.0
🏅	sports medal	sports medal medal_sports gold winner activities	7.0
🥇	1st place medal	1st place medal 1st_place_medal gold activities	9.0
🥈	2nd place medal	2nd place medal 2nd_place_medal silver activities	9.0
🥉	3rd place medal	3rd place medal 3rd_place_medal bronze activities	9.0
⚽	soccer ball	soccer ball sports activities	5.2
⚾	baseball	baseball sports activities	5.2
🥎	softball	softball activities	11.0
🏀	basketball	basketball sports activities	6.0
🏐	volleyball	volleyball activities	8.0
🏈	american football	american football sports activities	6.0
🏉	rugby football	rugby football rugby_football activities	6.0
🎾	tennis	tennis sports activities	6.0
🥏	flying disc	flying disc flying_disc activities	11.0
🎳	bowling	bowling activities	6.0
🏏	cricket game	cricket game cricket_game activities	8.0
🏑	field hockey	field hockey field_hockey activities	8.0
🏒	ice hockey	ice hockey ice_hockey activities	8.0
🥍	lacrosse	lacrosse activities	11.0
🏓	ping pong	ping pong ping_pong activities	8.0
🏸	badminton	badminton activities	8.0
🥊	boxing glove	boxing glove boxing_glove activities	9.0
🥋	martial arts uniform	martial arts uniform martial_arts_uniform activities	9.0
🥅	goal net	goal net goal_net activities	9.0
⛳	flag in hole	flag in hole golf activities	5.2
⛸️	ice skate	ice skate ice_skate skating activities	5.2
🎣	fishing pole	fishing pole and fish fishing_pole_and_fish activities	6.0
🤿	diving mask	diving mask diving_mask activities	12.0
🎽	running shirt	running shirt with sash running_shirt_with_sash marathon activities	6.0
🎿	skis	skis ski activities	6.0
🛷	sled	sled activities	11.0
🥌	curling stone	curling stone curling_stone activities	11.0
🎯	bullseye	bullseye dart target activities	6.0
🪀	yo-yo	yo yo_yo activities	12.0
🪁	kite	kite activities	12.0
🔫	water pistol	water pistol gun shoot weapon activities	6.0
🎱	pool 8 ball	pool 8 ball 8ball billiards activities	6.0
🔮	crystal ball	crystal ball crystal_ball fortune activities	6.0
🪄	magic wand	magic wand magic_wand activities	13.0
🎮	video game	video game video_game play controller console activities	6.0
🕹️	joystick	joystick activities	7.0
🎰	slot machine	slot machine slot_machine activities	6.0
🎲	game die	game die game_die dice gambling activities	6.0
🧩	puzzle piece	puzzle piece jigsaw activities	11.0
🧸	teddy bear	teddy bear teddy_bear activities	11.0
🪅	piñata	piñata pinata activities	13.0
🪩	mirror ball	mirror ball mirror_ball disco party activities	14.0
🪆	nesting dolls	nesting dolls nesting_dolls activities	13.0
♠️	spade suit	spade suit spades activities	0
♥️	heart suit	heart suit hearts activities	0
♦️	diamond suit	diamond suit diamonds activities	0
♣️	club suit	club suit clubs activities	0
♟️	chess pawn	chess pawn chess_pawn activities	11.0
🃏	joker	joker black black_joker activities	6.0
🀄	mahjong red dragon	mahjong red dragon activities	0
🎴	flower playing cards	flower playing cards flower_playing_cards activities	6.0
🎭	performing arts	performing arts performing_arts theater drama activities	6.0
🖼️	framed picture	framed picture framed_picture activities	7.0
🎨	artist palette	artist palette art design paint activities	6.0
🧵	thread	thread activities	11.0
🪡	sewing needle	sewing needle sewing_needle activities	13.0
🧶	yarn	yarn activities	11.0
🪢	knot	knot activities	13.0
👓	glasses	glasses eyeglasses objects	6.0
🕶️	sunglasses	sunglasses dark dark_sunglasses objects	7.0
🥽	goggles	goggles objects	11.0
🥼	lab coat	lab coat lab_coat objects	11.0
🦺	safety vest	safety vest safety_vest objects	12.0
👔	necktie	necktie shirt formal objects	6.0
👕	t-shirt	t shirt tshirt objects	6.0
👖	jeans	jeans pants objects	6.0
🧣	scarf	scarf objects	11.0
🧤	gloves	gloves objects	11.0
🧥	coat	coat objects	11.0
🧦	socks	socks objects	11.0
👗	dress	dress objects	6.0
👘	kimono	kimono objects	6.0
🥻	sari	sari objects	12.0
🩱	one-piece swimsuit	one piece swimsuit one_piece_swimsuit objects	12.0
🩲	briefs	briefs swim brief swim_brief objects	12.0
🩳	shorts	shorts objects	12.0
👙	bikini	bikini beach objects	6.0
👚	woman’s clothes	woman’s clothes womans womans_clothes objects	6.0
🪭	folding hand fan	folding hand fan folding_hand_fan sensu objects	15.0
👛	purse	purse objects	6.0
👜	handbag	handbag bag objects	6.0
👝	clutch bag	clutch bag pouch objects	6.0
🛍️	shopping bags	shopping bags objects	7.0
🎒	backpack	backpack school satchel school_satchel objects	6.0
🩴	thong sandal	thong sandal thong_sandal objects	13.0
👞	man’s shoe	man’s shoe mans mans_shoe objects	6.0
👟	running shoe	running shoe athletic athletic_shoe sneaker sport objects	6.0
🥾	hiking boot	hiking boot hiking_boot objects	11.0
🥿	flat shoe	flat shoe flat_shoe objects	11.0
👠	high-heeled shoe	high heeled shoe heel high_heel objects	6.0
👡	woman’s sandal	woman’s sandal shoe objects	6.0
🩰	ballet shoes	ballet shoes ballet_shoes objects	12.0
👢	woman’s boot	woman’s boot objects	6.0
🪮	hair pick	hair pick hair_pick objects	15.0
👑	crown	crown king queen royal objects	6.0
👒	woman’s hat	woman’s hat womans womans_hat objects	6.0
🎩	top hat	top hat tophat classy objects	6.0
🎓	graduation cap	graduation cap mortar board mortar_board education college university objects	6.0
🧢	billed cap	billed cap billed_cap objects	11.0
🪖	military helmet	military helmet military_helmet objects	13.0
⛑️	rescue worker’s helmet	rescue worker’s helmet worker rescue_worker_helmet objects	5.2
📿	prayer beads	prayer beads prayer_beads objects	8.0
💄	lipstick	lipstick makeup objects	6.0
💍	ring	ring wedding marriage engaged objects	6.0
💎	gem stone	gem stone diamond objects	6.0
🔇	muted speaker	muted speaker mute sound volume objects	6.0
🔈	speaker low volume	speaker low volume objects	6.0
🔉	speaker medium volume	speaker medium volume sound objects	6.0
🔊	speaker high volume	speaker high volume loud sound loud_sound objects	6.0
📢	loudspeaker	loudspeaker announcement objects	6.0
📣	megaphone	megaphone mega objects	6.0
📯	postal horn	postal horn postal_horn objects	6.0
🔔	bell	bell sound notification objects	6.0
🔕	bell with slash	bell with slash no no_bell volume off objects	6.0
🎼	musical score	musical score musical_score objects	6.0
🎵	musical note	musical note musical_note objects	6.0
🎶	musical notes	musical notes music objects	6.0
🎙️	studio microphone	studio microphone studio_microphone podcast objects	7.0
🎚️	level slider	level slider level_slider objects	7.0
🎛️	control knobs	control knobs control_knobs objects	7.0
🎤	microphone	microphone sing objects	6.0
🎧	headphone	headphone headphones music earphones objects	6.0
📻	radio	radio podcast objects	6.0
🎷	saxophone	saxophone objects	6.0
🪗	accordion	accordion objects	13.0
🎸	guitar	guitar rock objects	6.0
🎹	musical keyboard	musical keyboard musical_keyboard piano objects	6.0
🎺	trumpet	trumpet objects	6.0
🎻	violin	violin objects	6.0
🪕	banjo	banjo objects	12.0
🥁	drum	drum objects	0
🪘	long drum	long drum long_drum objects	13.0
🪇	maracas	maracas shaker objects	15.0
🪈	flute	flute recorder objects	15.0
📱	mobile phone	mobile phone iphone smartphone objects	6.0
📲	mobile phone with arrow	mobile phone with arrow calling call incoming objects	6.0
☎️	telephone	telephone phone objects	0
📞	telephone receiver	telephone receiver telephone_receiver phone call objects	6.0
📟	pager	pager objects	6.0
📠	fax machine	fax machine objects	6.0
🔋	battery	battery power objects	6.0
🪫	low battery	low battery low_battery objects	14.0
🔌	electric plug	electric plug electric_plug objects	6.0
💻	laptop	laptop computer desktop screen objects	6.0
🖥️	desktop computer	desktop computer desktop_computer objects	7.0
🖨️	printer	printer objects	7.0
⌨️	keyboard	keyboard objects	0
🖱️	computer mouse	computer mouse computer_mouse objects	7.0
🖲️	trackball	trackball objects	7.0
💽	computer disk	computer disk minidisc objects	6.0
💾	floppy disk	floppy disk floppy_disk save objects	6.0
💿	optical disk	optical disk cd objects	6.0
📀	dvd	dvd objects	6.0
🧮	abacus	abacus objects	11.0
🎥	movie camera	movie camera movie_camera film video objects	6.0
🎞️	film frames	film frames strip film_strip objects	7.0
📽️	film projector	film projector film_projector objects	7.0
🎬	clapper board	clapper board film objects	6.0
📺	television	television tv objects	6.0
📷	camera	camera photo objects	6.0
📸	camera with flash	camera with flash camera_flash photo objects	7.0
📹	video camera	video camera video_camera objects	6.0
📼	videocassette	videocassette vhs objects	6.0
🔍	magnifying glass tilted left	magnifying glass tilted left mag search zoom objects	6.0
🔎	magnifying glass tilted right	magnifying glass tilted right mag mag_right objects	6.0
🕯️	candle	candle objects	7.0
💡	light bulb	light bulb idea objects	6.0
🔦	flashlight	flashlight objects	6.0
🏮	red paper lantern	red paper lantern izakaya izakaya_lantern objects	6.0
🪔	diya lamp	diya lamp diya_lamp objects	12.0
📔	notebook with decorative cover	notebook with decorative cover notebook_with_decorative_cover objects	6.0
📕	closed book	closed book closed_book objects	6.0
📖	open book	open book open_book objects	6.0
📗	green book	green book green_book objects	6.0
📘	blue book	blue book blue_book objects	6.0
📙	orange book	orange book orange_book objects	6.0
📚	books	books library objects	6.0
📓	notebook	notebook objects	6.0
📒	ledger	ledger objects	6.0
📃	page with curl	page with curl page_with_curl objects	6.0
📜	scroll	scroll document objects	6.0
📄	page facing up	page facing up page_facing_up document objects	6.0
📰	newspaper	newspaper press objects	6.0
🗞️	rolled-up newspaper	rolled up newspaper roll newspaper_roll press objects	7.0
📑	bookmark tabs	bookmark tabs bookmark_tabs objects	6.0
🔖	bookmark	bookmark objects	6.0
🏷️	label	label tag objects	7.0
💰	money bag	money bag moneybag dollar cream objects	6.0
🪙	coin	coin objects	13.0
💴	yen banknote	yen banknote objects	6.0
💵	dollar banknote	dollar banknote money objects	6.0
💶	euro banknote	euro banknote objects	6.0
💷	pound banknote	pound banknote objects	6.0
💸	money with wings	money with wings money_with_wings dollar objects	6.0
💳	credit card	credit card credit_card subscription objects	6.0
🧾	receipt	receipt objects	11.0
💹	chart increasing with yen	chart increasing with yen objects	6.0
✉️	envelope	envelope letter email objects	0
📧	e-mail	e mail email e-mail objects	6.0
📨	incoming envelope	incoming envelope incoming_envelope objects	6.0
📩	envelope with arrow	envelope with arrow envelope_with_arrow objects	6.0
📤	outbox tray	outbox tray outbox_tray objects	6.0
📥	inbox tray	inbox tray inbox_tray objects	6.0
📦	package	package shipping objects	6.0
📫	closed mailbox with raised flag	closed mailbox with raised flag objects	6.0
📪	closed mailbox with lowered flag	closed mailbox with lowered flag mailbox_closed objects	6.0
📬	open mailbox with raised flag	open mailbox with raised flag mail mailbox_with_mail objects	6.0
📭	open mailbox with lowered flag	open mailbox with lowered flag no mail mailbox_with_no_mail objects	6.0
📮	postbox	postbox objects	6.0
🗳️	ballot box with ballot	ballot box with ballot_box objects	7.0
✏️	pencil	pencil pencil2 objects	0
✒️	black nib	black nib black_nib objects	0
🖋️	fountain pen	fountain pen fountain_pen objects	7.0
🖊️	pen	pen objects	7.0
🖌️	paintbrush	paintbrush objects	7.0
🖍️	crayon	crayon objects	7.0
📝	memo	memo pencil document note objects	6.0
💼	briefcase	briefcase business objects	6.0
📁	file folder	file folder file_folder directory objects	6.0
📂	open file folder	open file folder open_file_folder objects	6.0
🗂️	card index dividers	card index dividers card_index_dividers objects	7.0
📅	calendar	calendar date schedule objects	6.0
📆	tear-off calendar	tear off calendar schedule objects	6.0
🗒️	spiral notepad	spiral notepad spiral_notepad objects	7.0
🗓️	spiral calendar	spiral calendar spiral_calendar objects	7.0
📇	card index	card index card_index objects	6.0
📈	chart increasing	chart increasing with upwards trend chart_with_upwards_trend graph metrics objects	6.0
📉	chart decreasing	chart decreasing with downwards trend chart_with_downwards_trend graph metrics objects	6.0
📊	bar chart	bar chart bar_chart stats metrics objects	6.0
📋	clipboard	clipboard objects	6.0
📌	pushpin	pushpin location objects	6.0
📍	round pushpin	round pushpin round_pushpin location objects	6.0
📎	paperclip	paperclip objects	6.0
🖇️	linked paperclips	linked paperclips objects	7.0
📏	straight ruler	straight ruler straight_ruler objects	6.0
📐	triangular ruler	triangular ruler triangular_ruler objects	6.0
✂️	scissors	scissors cut objects	0
🗃️	card file box	card file box card_file_box objects	7.0
🗄️	file cabinet	file cabinet file_cabinet objects	7.0
🗑️	wastebasket	wastebasket trash objects	7.0
🔒	locked	locked lock security private objects	6.0
🔓	unlocked	unlocked unlock security objects	6.0
🔏	locked with pen	locked with pen lock ink lock_with_ink_pen objects	6.0
🔐	locked with key	locked with key closed lock closed_lock_with_key security objects	6.0
🔑	key	key lock password objects	6.0
🗝️	old key	old key old_key objects	7.0
🔨	hammer	hammer tool objects	6.0
🪓	axe	axe objects	12.0
⛏️	pick	pick objects	5.2
⚒️	hammer and pick	hammer and pick hammer_and_pick objects	4.1
🛠️	hammer and wrench	hammer and wrench hammer_and_wrench objects	7.0
🗡️	dagger	dagger objects	7.0
⚔️	crossed swords	crossed swords crossed_swords objects	4.1
💣	bomb	bomb boom objects	6.0
🪃	boomerang	boomerang objects	13.0
🏹	bow and arrow	bow and arrow bow_and_arrow archery objects	8.0
🛡️	shield	shield objects	7.0
🪚	carpentry saw	carpentry saw carpentry_saw objects	13.0
🔧	wrench	wrench tool objects	6.0
🪛	screwdriver	screwdriver objects	13.0
🔩	nut and bolt	nut and bolt nut_and_bolt objects	6.0
⚙️	gear	gear objects	4.1
🗜️	clamp	clamp objects	7.0
⚖️	balance scale	balance scale balance_scale objects	4.1
🦯	white cane	white cane probing probing_cane objects	12.0
🔗	link	link objects	6.0
⛓️	chains	chains objects	5.2
🪝	hook	hook objects	13.0
🧰	toolbox	toolbox objects	11.0
🧲	magnet	magnet objects	11.0
🪜	ladder	ladder objects	13.0
⚗️	alembic	alembic objects	4.1
🧪	test tube	test tube test_tube objects	11.0
🧫	petri dish	petri dish petri_dish objects	11.0
🧬	dna	dna objects	11.0
🔬	microscope	microscope science laboratory investigate objects	6.0
🔭	telescope	telescope objects	6.0
📡	satellite antenna	satellite antenna signal objects	6.0
💉	syringe	syringe health hospital needle objects	6.0
🩸	drop of blood	drop of blood drop_of_blood objects	12.0
💊	pill	pill health medicine objects	6.0
🩹	adhesive bandage	adhesive bandage adhesive_bandage objects	12.0
🩼	crutch	crutch objects	14.0
🩺	stethoscope	stethoscope objects	12.0
🩻	x-ray	x ray x_ray objects	14.0
🚪	door	door objects	6.0
🛗	elevator	elevator objects	13.0
🪞	mirror	mirror objects	13.0
🪟	window	window objects	13.0
🛏️	bed	bed objects	7.0
🛋️	couch and lamp	couch and lamp couch_and_lamp objects	7.0
🪑	chair	chair objects	12.0
🚽	toilet	toilet wc objects	6.0
🪠	plunger	plunger objects	13.0
🚿	shower	shower bath objects	6.0
🛁	bathtub	bathtub objects	6.0
🪤	mouse trap	mouse trap mouse_trap objects	13.0
🪒	razor	razor objects	12.0
🧴	lotion bottle	lotion bottle lotion_bottle objects	11.0
🧷	safety pin	safety pin safety_pin objects	11.0
🧹	broom	broom objects	11.0
🧺	basket	basket objects	11.0
🧻	roll of paper	roll of paper roll_of_paper toilet objects	11.0
🪣	bucket	bucket objects	13.0
🧼	soap	soap objects	11.0
🫧	bubbles	bubbles objects	14.0
🪥	toothbrush	toothbrush objects	13.0
🧽	sponge	sponge objects	11.0
🧯	fire extinguisher	fire extinguisher fire_extinguisher objects	11.0
🛒	shopping cart	shopping cart shopping_cart objects	9.0
🚬	cigarette	cigarette smoking objects	6.0
⚰️	coffin	coffin funeral objects	4.1
🪦	headstone	headstone objects	13.0
⚱️	funeral urn	funeral urn funeral_urn objects	4.1
🧿	nazar amulet	nazar amulet nazar_amulet objects	11.0
🪬	hamsa	hamsa objects	14.0
🗿	moai	moai moyai stone objects	6.0
🪧	placard	placard objects	13.0
🪪	identification card	identification card identification_card objects	14.0
🏧	ATM sign	atm sign symbols	6.0
🚮	litter in bin sign	litter in bin sign put its place put_litter_in_its_place symbols	6.0
🚰	potable water	potable water potable_water symbols	6.0
♿	wheelchair symbol	wheelchair symbol accessibility symbols	4.1
🚹	men’s room	men’s room mens symbols	6.0
🚺	women’s room	women’s room womens symbols	6.0
🚻	restroom	restroom toilet symbols	6.0
🚼	baby symbol	baby symbol baby_symbol symbols	6.0
🚾	water closet	water closet wc toilet restroom symbols	6.0
🛂	passport control	passport control passport_control symbols	6.0
🛃	customs	customs symbols	6.0
🛄	baggage claim	baggage claim baggage_claim airport symbols	6.0
🛅	left luggage	left luggage left_luggage symbols	6.0
⚠️	warning	warning wip symbols	4.0
🚸	children crossing	children crossing children_crossing symbols	6.0
⛔	no entry	no entry no_entry limit symbols	5.2
🚫	prohibited	prohibited no entry sign no_entry_sign block forbidden symbols	6.0
🚳	no bicycles	no bicycles no_bicycles symbols	6.0
🚭	no smoking	no smoking no_smoking symbols	6.0
🚯	no littering	no littering do not litter do_not_litter symbols	6.0
🚱	non-potable water	non potable water non-potable_water symbols	6.0
🚷	no pedestrians	no pedestrians no_pedestrians symbols	6.0
📵	no mobile phones	no mobile phones no_mobile_phones symbols	6.0
🔞	no one under eighteen	no one under eighteen underage symbols	6.0
☢️	radioactive	radioactive symbols	0
☣️	biohazard	biohazard symbols	0
⬆️	up arrow	up arrow arrow_up symbols	4.0
↗️	up-right arrow	up right arrow upper arrow_upper_right symbols	0
➡️	right arrow	right arrow arrow_right symbols	0
↘️	down-right arrow	down right arrow lower arrow_lower_right symbols	0
⬇️	down arrow	down arrow arrow_down symbols	4.0
↙️	down-left arrow	down left arrow lower arrow_lower_left symbols	0
⬅️	left arrow	left arrow arrow_left symbols	4.0
↖️	up-left arrow	up left arrow upper arrow_upper_left symbols	0
↕️	up-down arrow	up down arrow arrow_up_down symbols	0
↔️	left-right arrow	left right arrow left_right_arrow symbols	0
↩️	right arrow curving left	right arrow curving left leftwards with hook leftwards_arrow_with_hook return symbols	0
↪️	left arrow curving right	left arrow curving right hook arrow_right_hook symbols	0
⤴️	right arrow curving up	right arrow curving up heading arrow_heading_up symbols	0
⤵️	right arrow curving down	right arrow curving down heading arrow_heading_down symbols	0
🔃	clockwise vertical arrows	clockwise vertical arrows arrows_clockwise symbols	6.0
🔄	counterclockwise arrows button	counterclockwise arrows button arrows_counterclockwise sync symbols	6.0
🔙	BACK arrow	back arrow symbols	6.0
🔚	END arrow	end arrow symbols	6.0
🔛	ON! arrow	on! arrow on symbols	6.0
🔜	SOON arrow	soon arrow symbols	6.0
🔝	TOP arrow	top arrow symbols	6.0
🛐	place of worship	place of worship place_of_worship symbols	8.0
⚛️	atom symbol	atom symbol atom_symbol symbols	4.1
🕉️	om	om symbols	7.0
✡️	star of David	star of david star_of_david symbols	0
☸️	wheel of dharma	wheel of dharma wheel_of_dharma symbols	0
☯️	yin yang	yin yang yin_yang symbols	0
✝️	latin cross	latin cross latin_cross symbols	0
☦️	orthodox cross	orthodox cross orthodox_cross symbols	0
☪️	star and crescent	star and crescent star_and_crescent symbols	0
☮️	peace symbol	peace symbol peace_symbol symbols	0
🕎	menorah	menorah symbols	8.0
🔯	dotted six-pointed star	dotted six pointed star six_pointed_star symbols	6.0
🪯	khanda	khanda symbols	15.0
♈	Aries	aries symbols	0
♉	Taurus	taurus symbols	0
♊	Gemini	gemini symbols	0
♋	Cancer	cancer symbols	0
♌	Leo	leo symbols	0
♍	Virgo	virgo symbols	0
♎	Libra	libra symbols	0
♏	Scorpio	scorpio scorpius symbols	0
♐	Sagittarius	sagittarius symbols	0
♑	Capricorn	capricorn symbols	0
♒	Aquarius	aquarius symbols	0
♓	Pisces	pisces symbols	0
⛎	Ophiuchus	ophiuchus symbols	6.0
🔀	shuffle tracks button	shuffle tracks button twisted rightwards arrows twisted_rightwards_arrows symbols	6.0
🔁	repeat button	repeat button loop symbols	6.0
🔂	repeat single button	repeat single button one repeat_one symbols	6.0
▶️	play button	play button arrow forward arrow_forward symbols	0
⏩	fast-forward button	fast forward button fast_forward symbols	6.0
⏭️	next track button	next track button next_track_button symbols	6.0
⏯️	play or pause button	play or pause button play_or_pause_button symbols	6.0
◀️	reverse button	reverse button arrow backward arrow_backward symbols	0
⏪	fast reverse button	fast reverse button rewind symbols	6.0
⏮️	last track button	last track button previous previous_track_button symbols	6.0
🔼	upwards button	upwards button arrow up small arrow_up_small symbols	6.0
⏫	fast up button	fast up button arrow double arrow_double_up symbols	6.0
🔽	downwards button	downwards button arrow down small arrow_down_small symbols	6.0
⏬	fast down button	fast down button arrow double arrow_double_down symbols	6.0
⏸️	pause button	pause button pause_button symbols	7.0
⏹️	stop button	stop button stop_button symbols	7.0
⏺️	record button	record button record_button symbols	7.0
⏏️	eject button	eject button eject_button symbols	11.0
🎦	cinema	cinema film movie symbols	6.0
🔅	dim button	dim button low brightness low_brightness symbols	6.0
🔆	bright button	bright button high brightness high_brightness symbols	6.0
📶	antenna bars	antenna bars signal strength signal_strength wifi symbols	6.0
🛜	wireless	wireless wifi symbols	15.0
📳	vibration mode	vibration mode vibration_mode symbols	6.0
📴	mobile phone off	mobile phone off mobile_phone_off mute symbols	6.0
♀️	female sign	female sign female_sign symbols	11.0
♂️	male sign	male sign male_sign symbols	11.0
⚧️	transgender symbol	transgender symbol transgender_symbol symbols	13.0
✖️	multiply	multiply heavy multiplication x heavy_multiplication_x symbols	0
➕	plus	plus heavy sign heavy_plus_sign symbols	6.0
➖	minus	minus heavy sign heavy_minus_sign symbols	6.0
➗	divide	divide heavy division sign heavy_division_sign symbols	6.0
🟰	heavy equals sign	heavy equals sign heavy_equals_sign symbols	14.0
♾️	infinity	infinity symbols	11.0
‼️	double exclamation mark	double exclamation mark bangbang symbols	0
⁉️	exclamation question mark	exclamation question mark interrobang symbols	3.0
❓	red question mark	red question mark confused symbols	6.0
❔	white question mark	white question mark grey grey_question symbols	6.0
❕	white exclamation mark	white exclamation mark grey grey_exclamation symbols	6.0
❗	red exclamation mark	red exclamation mark heavy heavy_exclamation_mark bang symbols	5.2
〰️	wavy dash	wavy dash wavy_dash symbols	0
💱	currency exchange	currency exchange currency_exchange symbols	6.0
💲	heavy dollar sign	heavy dollar sign heavy_dollar_sign symbols	6.0
⚕️	medical symbol	medical symbol medical_symbol symbols	11.0
♻️	recycling symbol	recycling symbol recycle environment green symbols	3.2
⚜️	fleur-de-lis	fleur de lis fleur_de_lis symbols	4.1
🔱	trident emblem	trident emblem symbols	6.0
📛	name badge	name badge name_badge symbols	6.0
🔰	Japanese symbol for beginner	japanese symbol for beginner symbols	6.0
⭕	hollow red circle	hollow red circle o symbols	5.2
✅	check mark button	check mark button white white_check_mark symbols	6.0
☑️	check box with check	check box with ballot ballot_box_with_check symbols	0
✔️	check mark	check mark heavy heavy_check_mark symbols	0
❌	cross mark	cross mark x symbols	6.0
❎	cross mark button	cross mark button negative squared negative_squared_cross_mark symbols	6.0
➰	curly loop	curly loop curly_loop symbols	6.0
➿	double curly loop	double curly loop symbols	6.0
〽️	part alternation mark	part alternation mark part_alternation_mark symbols	3.2
✳️	eight-spoked asterisk	eight spoked asterisk eight_spoked_asterisk symbols	0
✴️	eight-pointed star	eight pointed star black eight_pointed_black_star symbols	0
❇️	sparkle	sparkle symbols	0
©️	copyright	copyright symbols	0
®️	registered	registered symbols	0
™️	trade mark	trade mark tm trademark symbols	0
#️⃣	keycap: #	keycap: # hash number symbols	0
*️⃣	keycap: *	keycap: * asterisk symbols	0
0️⃣	keycap: 0	keycap: 0 zero symbols	0
1️⃣	keycap: 1	keycap: 1 one symbols	0
2️⃣	keycap: 2	keycap: 2 two symbols	0
3️⃣	keycap: 3	keycap: 3 three symbols	0
4️⃣	keycap: 4	keycap: 4 four symbols	0
5️⃣	keycap: 5	keycap: 5 five symbols	0
6️⃣	keycap: 6	keycap: 6 six symbols	0
7️⃣	keycap: 7	keycap: 7 seven symbols	0
8️⃣	keycap: 8	keycap: 8 eight symbols	0
9️⃣	keycap: 9	keycap: 9 nine symbols	0
🔟	keycap: 10	keycap: 10 keycap ten keycap_ten symbols	6.0
🔠	input latin uppercase	input latin uppercase capital abcd capital_abcd letters symbols	6.0
🔡	input latin lowercase	input latin lowercase abcd symbols	6.0
🔢	input numbers	input numbers 1234 symbols	6.0
🔣	input symbols	input symbols	6.0
🔤	input latin letters	input latin letters abc alphabet symbols	6.0
🅰️	A button (blood type)	a button (blood type) symbols	6.0
🆎	AB button (blood type)	ab button (blood type) symbols	6.0
🅱️	B button (blood type)	b button (blood type) symbols	6.0
🆑	CL button	cl button symbols	6.0
🆒	COOL button	cool button symbols	6.0
🆓	FREE button	free button symbols	6.0
ℹ️	information	information source information_source symbols	3.0
🆔	ID button	id button symbols	6.0
Ⓜ️	circled M	circled m symbols	0
🆕	NEW button	new button fresh symbols	6.0
🆖	NG button	ng button symbols	6.0
🅾️	O button (blood type)	o button (blood type) o2 symbols	6.0
🆗	OK button	ok button yes symbols	6.0
🅿️	P button	p button parking symbols	5.2
🆘	SOS button	sos button help emergency symbols	6.0
🆙	UP! button	up! button up symbols	6.0
🆚	VS button	vs button symbols	6.0
🈁	Japanese “here” button	japanese “here” button koko symbols	6.0
🈂️	Japanese “service charge” button	japanese “service charge” button sa symbols	6.0
🈷️	Japanese “monthly amount” button	japanese “monthly amount” button u6708 symbols	6.0
🈶	Japanese “not free of charge” button	japanese “not free of charge” button u6709 symbols	6.0
🈯	Japanese “reserved” button	japanese “reserved” button u6307 symbols	0
🉐	Japanese “bargain” button	japanese “bargain” button ideograph advantage ideograph_advantage symbols	6.0
🈹	Japanese “discount” button	japanese “discount” button u5272 symbols	6.0
🈚	Japanese “free of charge” button	japanese “free of charge” button u7121 symbols	0
🈲	Japanese “prohibited” button	japanese “prohibited” button u7981 symbols	6.0
🉑	Japanese “acceptable” button	japanese “acceptable” button accept symbols	6.0
🈸	Japanese “application” button	japanese “application” button u7533 symbols	6.0
🈴	Japanese “passing grade” button	japanese “passing grade” button u5408 symbols	6.0
🈳	Japanese “vacancy” button	japanese “vacancy” button u7a7a symbols	6.0
㊗️	Japanese “congratulations” button	japanese “congratulations” button congratulations symbols	0
㊙️	Japanese “secret” button	japanese “secret” button secret symbols	0
🈺	Japanese “open for business” button	japanese “open for business” button u55b6 symbols	6.0
🈵	Japanese “no vacancy” button	japanese “no vacancy” button u6e80 symbols	6.0
🔴	red circle	red circle red_circle symbols	6.0
🟠	orange circle	orange circle orange_circle symbols	12.0
🟡	yellow circle	yellow circle yellow_circle symbols	12.0
🟢	green circle	green circle green_circle symbols	12.0
🔵	blue circle	blue circle large large_blue_circle symbols	6.0
🟣	purple circle	purple circle purple_circle symbols	12.0
🟤	brown circle	brown circle brown_circle symbols	12.0
⚫	black circle	black circle black_circle symbols	4.1
⚪	white circle	white circle white_circle symbols	4.1
🟥	red square	red square red_square symbols	12.0
🟧	orange square	orange square orange_square symbols	12.0
🟨	yellow square	yellow square yellow_square symbols	12.0
🟩	green square	green square green_square symbols	12.0
🟦	blue square	blue square blue_square symbols	12.0
🟪	purple square	purple square purple_square symbols	12.0
🟫	brown square	brown square brown_square symbols	12.0
⬛	black large square	black large square black_large_square symbols	5.1
⬜	white large square	white large square white_large_square symbols	5.1
◼️	black medium square	black medium square black_medium_square symbols	3.2
◻️	white medium square	white medium square white_medium_square symbols	3.2
◾	black medium-small square	black medium small square black_medium_small_square symbols	3.2
◽	white medium-small square	white medium small square white_medium_small_square symbols	3.2
▪️	black small square	black small square black_small_square symbols	0
▫️	white small square	white small square white_small_square symbols	0
🔶	large orange diamond	large orange diamond large_orange_diamond symbols	6.0
🔷	large blue diamond	large blue diamond large_blue_diamond symbols	6.0
🔸	small orange diamond	small orange diamond small_orange_diamond symbols	6.0
🔹	small blue diamond	small blue diamond small_blue_diamond symbols	6.0
🔺	red triangle pointed up	red triangle pointed up small small_red_triangle symbols	6.0
🔻	red triangle pointed down	red triangle pointed down small small_red_triangle_down symbols	6.0
💠	diamond with a dot	diamond with a dot shape inside diamond_shape_with_a_dot_inside symbols	6.0
🔘	radio button	radio button radio_button symbols	6.0
🔳	white square button	white square button white_square_button symbols	6.0
🔲	black square button	black square button black_square_button symbols	6.0
🏁	chequered flag	chequered flag checkered checkered_flag milestone finish flags	6.0
🚩	triangular flag	triangular flag on post triangular_flag_on_post flags	6.0
🎌	crossed flags	crossed flags crossed_flags	6.0
🏴	black flag	black flag black_flag flags	7.0
🏳️	white flag	white flag white_flag flags	7.0
🏳️‍🌈	rainbow flag	rainbow flag rainbow_flag pride flags	6.0
🏳️‍⚧️	transgender flag	transgender flag transgender_flag flags	13.0
🏴‍☠️	pirate flag	pirate flag pirate_flag flags	11.0
🇦🇨	flag: Ascension Island	flag: ascension island ascension_island flags	11.0
🇦🇩	flag: Andorra	flag: andorra flags	6.0
🇦🇪	flag: United Arab Emirates	flag: united arab emirates united_arab_emirates flags	6.0
🇦🇫	flag: Afghanistan	flag: afghanistan flags	6.0
🇦🇬	flag: Antigua & Barbuda	flag: antigua & barbuda antigua_barbuda flags	6.0
🇦🇮	flag: Anguilla	flag: anguilla flags	6.0
🇦🇱	flag: Albania	flag: albania flags	6.0
🇦🇲	flag: Armenia	flag: armenia flags	6.0
🇦🇴	flag: Angola	flag: angola flags	6.0
🇦🇶	flag: Antarctica	flag: antarctica flags	6.0
🇦🇷	flag: Argentina	flag: argentina flags	6.0
🇦🇸	flag: American Samoa	flag: american samoa american_samoa flags	6.0
🇦🇹	flag: Austria	flag: austria flags	6.0
🇦🇺	flag: Australia	flag: australia flags	6.0
🇦🇼	flag: Aruba	flag: aruba flags	6.0
🇦🇽	flag: Åland Islands	flag: åland islands aland aland_islands flags	6.0
🇦🇿	flag: Azerbaijan	flag: azerbaijan flags	6.0
🇧🇦	flag: Bosnia & Herzegovina	flag: bosnia & herzegovina bosnia_herzegovina flags	6.0
🇧🇧	flag: Barbados	flag: barbados flags	6.0
🇧🇩	flag: Bangladesh	flag: bangladesh flags	6.0
🇧🇪	flag: Belgium	flag: belgium flags	6.0
🇧🇫	flag: Burkina Faso	flag: burkina faso burkina_faso flags	6.0
🇧🇬	flag: Bulgaria	flag: bulgaria flags	6.0
🇧🇭	flag: Bahrain	flag: bahrain flags	6.0
🇧🇮	flag: Burundi	flag: burundi flags	6.0
🇧🇯	flag: Benin	flag: benin flags	6.0
🇧🇱	flag: St. Barthélemy	flag: st. barthélemy st barthelemy st_barthelemy flags	6.0
🇧🇲	flag: Bermuda	flag: bermuda flags	6.0
🇧🇳	flag: Brunei	flag: brunei flags	6.0
🇧🇴	flag: Bolivia	flag: bolivia flags	6.0
🇧🇶	flag: Caribbean Netherlands	flag: caribbean netherlands caribbean_netherlands flags	6.0
🇧🇷	flag: Brazil	flag: brazil flags	6.0
🇧🇸	flag: Bahamas	flag: bahamas flags	6.0
🇧🇹	flag: Bhutan	flag: bhutan flags	6.0
🇧🇻	flag: Bouvet Island	flag: bouvet island bouvet_island flags	11.0
🇧🇼	flag: Botswana	flag: botswana flags	6.0
🇧🇾	flag: Belarus	flag: belarus flags	6.0
🇧🇿	flag: Belize	flag: belize flags	6.0
🇨🇦	flag: Canada	flag: canada flags	6.0
🇨🇨	flag: Cocos (Keeling) Islands	flag: cocos (keeling) islands cocos_islands keeling flags	6.0
🇨🇩	flag: Congo - Kinshasa	flag: congo kinshasa congo_kinshasa flags	6.0
🇨🇫	flag: Central African Republic	flag: central african republic central_african_republic flags	6.0
🇨🇬	flag: Congo - Brazzaville	flag: congo brazzaville congo_brazzaville flags	6.0
🇨🇭	flag: Switzerland	flag: switzerland flags	6.0
🇨🇮	flag: Côte d’Ivoire	flag: côte d’ivoire cote divoire cote_divoire ivory flags	6.0
🇨🇰	flag: Cook Islands	flag: cook islands cook_islands flags	6.0
🇨🇱	flag: Chile	flag: chile flags	6.0
🇨🇲	flag: Cameroon	flag: cameroon flags	6.0
🇨🇳	flag: China	flag: china cn flags	6.0
🇨🇴	flag: Colombia	flag: colombia flags	6.0
🇨🇵	flag: Clipperton Island	flag: clipperton island clipperton_island flags	11.0
🇨🇷	flag: Costa Rica	flag: costa rica costa_rica flags	6.0
🇨🇺	flag: Cuba	flag: cuba flags	6.0
🇨🇻	flag: Cape Verde	flag: cape verde cape_verde flags	6.0
🇨🇼	flag: Curaçao	flag: curaçao curacao flags	6.0
🇨🇽	flag: Christmas Island	flag: christmas island christmas_island flags	6.0
🇨🇾	flag: Cyprus	flag: cyprus flags	6.0
🇨🇿	flag: Czechia	flag: czechia czech republic czech_republic flags	6.0
🇩🇪	flag: Germany	flag: germany de flag flags	6.0
🇩🇬	flag: Diego Garcia	flag: diego garcia diego_garcia flags	11.0
🇩🇯	flag: Djibouti	flag: djibouti flags	6.0
🇩🇰	flag: Denmark	flag: denmark flags	6.0
🇩🇲	flag: Dominica	flag: dominica flags	6.0
🇩🇴	flag: Dominican Republic	flag: dominican republic dominican_republic flags	6.0
🇩🇿	flag: Algeria	flag: algeria flags	6.0
🇪🇦	flag: Ceuta & Melilla	flag: ceuta & melilla ceuta_melilla flags	11.0
🇪🇨	flag: Ecuador	flag: ecuador flags	6.0
🇪🇪	flag: Estonia	flag: estonia flags	6.0
🇪🇬	flag: Egypt	flag: egypt flags	6.0
🇪🇭	flag: Western Sahara	flag: western sahara western_sahara flags	6.0
🇪🇷	flag: Eritrea	flag: eritrea flags	6.0
🇪🇸	flag: Spain	flag: spain es flags	6.0
🇪🇹	flag: Ethiopia	flag: ethiopia flags	6.0
🇪🇺	flag: European Union	flag: european union eu european_union flags	6.0
🇫🇮	flag: Finland	flag: finland flags	6.0
🇫🇯	flag: Fiji	flag: fiji flags	6.0
🇫🇰	flag: Falkland Islands	flag: falkland islands falkland_islands flags	6.0
🇫🇲	flag: Micronesia	flag: micronesia flags	6.0
🇫🇴	flag: Faroe Islands	flag: faroe islands faroe_islands flags	6.0
🇫🇷	flag: France	flag: france fr french flags	6.0
🇬🇦	flag: Gabon	flag: gabon flags	6.0
🇬🇧	flag: United Kingdom	flag: united kingdom gb uk flag british flags	6.0
🇬🇩	flag: Grenada	flag: grenada flags	6.0
🇬🇪	flag: Georgia	flag: georgia flags	6.0
🇬🇫	flag: French Guiana	flag: french guiana french_guiana flags	6.0
🇬🇬	flag: Guernsey	flag: guernsey flags	6.0
🇬🇭	flag: Ghana	flag: ghana flags	6.0
🇬🇮	flag: Gibraltar	flag: gibraltar flags	6.0
🇬🇱	flag: Greenland	flag: greenland flags	6.0
🇬🇲	flag: Gambia	flag: gambia flags	6.0
🇬🇳	flag: Guinea	flag: guinea flags	6.0
🇬🇵	flag: Guadeloupe	flag: guadeloupe flags	6.0
🇬🇶	flag: Equatorial Guinea	flag: equatorial guinea equatorial_guinea flags	6.0
🇬🇷	flag: Greece	flag: greece flags	6.0
🇬🇸	flag: South Georgia & South Sandwich Islands	flag: south georgia & sandwich islands south_georgia_south_sandwich_islands flags	6.0
🇬🇹	flag: Guatemala	flag: guatemala flags	6.0
🇬🇺	flag: Guam	flag: guam flags	6.0
🇬🇼	flag: Guinea-Bissau	flag: guinea bissau guinea_bissau flags	6.0
🇬🇾	flag: Guyana	flag: guyana flags	6.0
🇭🇰	flag: Hong Kong SAR China	flag: hong kong sar china hong_kong flags	6.0
🇭🇲	flag: Heard & McDonald Islands	flag: heard & mcdonald islands heard_mcdonald_islands flags	11.0
🇭🇳	flag: Honduras	flag: honduras flags	6.0
🇭🇷	flag: Croatia	flag: croatia flags	6.0
🇭🇹	flag: Haiti	flag: haiti flags	6.0
🇭🇺	flag: Hungary	flag: hungary flags	6.0
🇮🇨	flag: Canary Islands	flag: canary islands canary_islands flags	6.0
🇮🇩	flag: Indonesia	flag: indonesia flags	6.0
🇮🇪	flag: Ireland	flag: ireland flags	6.0
🇮🇱	flag: Israel	flag: israel flags	6.0
🇮🇲	flag: Isle of Man	flag: isle of man isle_of_man flags	6.0
🇮🇳	flag: India	flag: india flags	6.0
🇮🇴	flag: British Indian Ocean Territory	flag: british indian ocean territory british_indian_ocean_territory flags	6.0
🇮🇶	flag: Iraq	flag: iraq flags	6.0
🇮🇷	flag: Iran	flag: iran flags	6.0
🇮🇸	flag: Iceland	flag: iceland flags	6.0
🇮🇹	flag: Italy	flag: italy it flags	6.0
🇯🇪	flag: Jersey	flag: jersey flags	6.0
🇯🇲	flag: Jamaica	flag: jamaica flags	6.0
🇯🇴	flag: Jordan	flag: jordan flags	6.0
🇯🇵	flag: Japan	flag: japan jp flags	6.0
🇰🇪	flag: Kenya	flag: kenya flags	6.0
🇰🇬	flag: Kyrgyzstan	flag: kyrgyzstan flags	6.0
🇰🇭	flag: Cambodia	flag: cambodia flags	6.0
🇰🇮	flag: Kiribati	flag: kiribati flags	6.0
🇰🇲	flag: Comoros	flag: comoros flags	6.0
🇰🇳	flag: St. Kitts & Nevis	flag: st. kitts & nevis st st_kitts_nevis flags	6.0
🇰🇵	flag: North Korea	flag: north korea north_korea flags	6.0
🇰🇷	flag: South Korea	flag: south korea kr flags	6.0
🇰🇼	flag: Kuwait	flag: kuwait flags	6.0
🇰🇾	flag: Cayman Islands	flag: cayman islands cayman_islands flags	6.0
🇰🇿	flag: Kazakhstan	flag: kazakhstan flags	6.0
🇱🇦	flag: Laos	flag: laos flags	6.0
🇱🇧	flag: Lebanon	flag: lebanon flags	6.0
🇱🇨	flag: St. Lucia	flag: st. lucia st st_lucia flags	6.0
🇱🇮	flag: Liechtenstein	flag: liechtenstein flags	6.0
🇱🇰	flag: Sri Lanka	flag: sri lanka sri_lanka flags	6.0
🇱🇷	flag: Liberia	flag: liberia flags	6.0
🇱🇸	flag: Lesotho	flag: lesotho flags	6.0
🇱🇹	flag: Lithuania	flag: lithuania flags	6.0
🇱🇺	flag: Luxembourg	flag: luxembourg flags	6.0
🇱🇻	flag: Latvia	flag: latvia flags	6.0
🇱🇾	flag: Libya	flag: libya flags	6.0
🇲🇦	flag: Morocco	flag: morocco flags	6.0
🇲🇨	flag: Monaco	flag: monaco flags	6.0
🇲🇩	flag: Moldova	flag: moldova flags	6.0
🇲🇪	flag: Montenegro	flag: montenegro flags	6.0
🇲🇫	flag: St. Martin	flag: st. martin st st_martin flags	11.0
🇲🇬	flag: Madagascar	flag: madagascar flags	6.0
🇲🇭	flag: Marshall Islands	flag: marshall islands marshall_islands flags	6.0
🇲🇰	flag: North Macedonia	flag: north macedonia flags	6.0
🇲🇱	flag: Mali	flag: mali flags	6.0
🇲🇲	flag: Myanmar (Burma)	flag: myanmar (burma) burma flags	6.0
🇲🇳	flag: Mongolia	flag: mongolia flags	6.0
🇲🇴	flag: Macao SAR China	flag: macao sar china macau flags	6.0
🇲🇵	flag: Northern Mariana Islands	flag: northern mariana islands northern_mariana_islands flags	6.0
🇲🇶	flag: Martinique	flag: martinique flags	6.0
🇲🇷	flag: Mauritania	flag: mauritania flags	6.0
🇲🇸	flag: Montserrat	flag: montserrat flags	6.0
🇲🇹	flag: Malta	flag: malta flags	6.0
🇲🇺	flag: Mauritius	flag: mauritius flags	6.0
🇲🇻	flag: Maldives	flag: maldives flags	6.0
🇲🇼	flag: Malawi	flag: malawi flags	6.0
🇲🇽	flag: Mexico	flag: mexico flags	6.0
🇲🇾	flag: Malaysia	flag: malaysia flags	6.0
🇲🇿	flag: Mozambique	flag: mozambique flags	6.0
🇳🇦	flag: Namibia	flag: namibia flags	6.0
🇳🇨	flag: New Caledonia	flag: new caledonia new_caledonia flags	6.0
🇳🇪	flag: Niger	flag: niger flags	6.0
🇳🇫	flag: Norfolk Island	flag: norfolk island norfolk_island flags	6.0
🇳🇬	flag: Nigeria	flag: nigeria flags	6.0
🇳🇮	flag: Nicaragua	flag: nicaragua flags	6.0
🇳🇱	flag: Netherlands	flag: netherlands flags	6.0
🇳🇴	flag: Norway	flag: norway flags	6.0
🇳🇵	flag: Nepal	flag: nepal flags	6.0
🇳🇷	flag: Nauru	flag: nauru flags	6.0
🇳🇺	flag: Niue	flag: niue flags	6.0
🇳🇿	flag: New Zealand	flag: new zealand new_zealand flags	6.0
🇴🇲	flag: Oman	flag: oman flags	6.0
🇵🇦	flag: Panama	flag: panama flags	6.0
🇵🇪	flag: Peru	flag: peru flags	6.0
🇵🇫	flag: French Polynesia	flag: french polynesia french_polynesia flags	6.0
🇵🇬	flag: Papua New Guinea	flag: papua new guinea papua_new_guinea flags	6.0
🇵🇭	flag: Philippines	flag: philippines flags	6.0
🇵🇰	flag: Pakistan	flag: pakistan flags	6.0
🇵🇱	flag: Poland	flag: poland flags	6.0
🇵🇲	flag: St. Pierre & Miquelon	flag: st. pierre & miquelon st st_pierre_miquelon flags	6.0
🇵🇳	flag: Pitcairn Islands	flag: pitcairn islands pitcairn_islands flags	6.0
🇵🇷	flag: Puerto Rico	flag: puerto rico puerto_rico flags	6.0
🇵🇸	flag: Palestinian Territories	flag: palestinian territories palestinian_territories flags	6.0
🇵🇹	flag: Portugal	flag: portugal flags	6.0
🇵🇼	flag: Palau	flag: palau flags	6.0
🇵🇾	flag: Paraguay	flag: paraguay flags	6.0
🇶🇦	flag: Qatar	flag: qatar flags	6.0
🇷🇪	flag: Réunion	flag: réunion reunion flags	6.0
🇷🇴	flag: Romania	flag: romania flags	6.0
🇷🇸	flag: Serbia	flag: serbia flags	6.0
🇷🇺	flag: Russia	flag: russia ru flags	6.0
🇷🇼	flag: Rwanda	flag: rwanda flags	6.0
🇸🇦	flag: Saudi Arabia	flag: saudi arabia saudi_arabia flags	6.0
🇸🇧	flag: Solomon Islands	flag: solomon islands solomon_islands flags	6.0
🇸🇨	flag: Seychelles	flag: seychelles flags	6.0
🇸🇩	flag: Sudan	flag: sudan flags	6.0
🇸🇪	flag: Sweden	flag: sweden flags	6.0
🇸🇬	flag: Singapore	flag: singapore flags	6.0
🇸🇭	flag: St. Helena	flag: st. helena st st_helena flags	6.0
🇸🇮	flag: Slovenia	flag: slovenia flags	6.0
🇸🇯	flag: Svalbard & Jan Mayen	flag: svalbard & jan mayen svalbard_jan_mayen flags	11.0
🇸🇰	flag: Slovakia	flag: slovakia flags	6.0
🇸🇱	flag: Sierra Leone	flag: sierra leone sierra_leone flags	6.0
🇸🇲	flag: San Marino	flag: san marino san_marino flags	6.0
🇸🇳	flag: Senegal	flag: senegal flags	6.0
🇸🇴	flag: Somalia	flag: somalia flags	6.0
🇸🇷	flag: Suriname	flag: suriname flags	6.0
🇸🇸	flag: South Sudan	flag: south sudan south_sudan flags	6.0
🇸🇹	flag: São Tomé & Príncipe	flag: são tomé & príncipe sao tome principe sao_tome_principe flags	6.0
🇸🇻	flag: El Salvador	flag: el salvador el_salvador flags	6.0
🇸🇽	flag: Sint Maarten	flag: sint maarten sint_maarten flags	6.0
🇸🇾	flag: Syria	flag: syria flags	6.0
🇸🇿	flag: Eswatini	flag: eswatini swaziland flags	6.0
🇹🇦	flag: Tristan da Cunha	flag: tristan da cunha tristan_da_cunha flags	11.0
🇹🇨	flag: Turks & Caicos Islands	flag: turks & caicos islands turks_caicos_islands flags	6.0
🇹🇩	flag: Chad	flag: chad flags	6.0
🇹🇫	flag: French Southern Territories	flag: french southern territories french_southern_territories flags	6.0
🇹🇬	flag: Togo	flag: togo flags	6.0
🇹🇭	flag: Thailand	flag: thailand flags	6.0
🇹🇯	flag: Tajikistan	flag: tajikistan flags	6.0
🇹🇰	flag: Tokelau	flag: tokelau flags	6.0
🇹🇱	flag: Timor-Leste	flag: timor leste timor_leste flags	6.0
🇹🇲	flag: Turkmenistan	flag: turkmenistan flags	6.0
🇹🇳	flag: Tunisia	flag: tunisia flags	6.0
🇹🇴	flag: Tonga	flag: tonga flags	6.0
🇹🇷	flag: Turkey	flag: turkey tr flags	8.0
🇹🇹	flag: Trinidad & Tobago	flag: trinidad & tobago trinidad_tobago flags	6.0
🇹🇻	flag: Tuvalu	flag: tuvalu flags	6.0
🇹🇼	flag: Taiwan	flag: taiwan flags	6.0
🇹🇿	flag: Tanzania	flag: tanzania flags	6.0
🇺🇦	flag: Ukraine	flag: ukraine flags	6.0
🇺🇬	flag: Uganda	flag: uganda flags	6.0
🇺🇲	flag: U.S. Outlying Islands	flag: u.s. outlying islands us us_outlying_islands flags	11.0
🇺🇳	flag: United Nations	flag: united nations united_nations flags	11.0
🇺🇸	flag: United States	flag: united states us flag america flags	6.0
🇺🇾	flag: Uruguay	flag: uruguay flags	6.0
🇺🇿	flag: Uzbekistan	flag: uzbekistan flags	6.0
🇻🇦	flag: Vatican City	flag: vatican city vatican_city flags	6.0
🇻🇨	flag: St. Vincent & Grenadines	flag: st. vincent & grenadines st st_vincent_grenadines flags	6.0
🇻🇪	flag: Venezuela	flag: venezuela flags	6.0
🇻🇬	flag: British Virgin Islands	flag: british virgin islands british_virgin_islands flags	6.0
🇻🇮	flag: U.S. Virgin Islands	flag: u.s. virgin islands us us_virgin_islands flags	6.0
🇻🇳	flag: Vietnam	flag: vietnam flags	6.0
🇻🇺	flag: Vanuatu	flag: vanuatu flags	6.0
🇼🇫	flag: Wallis & Futuna	flag: wallis & futuna wallis_futuna flags	6.0
🇼🇸	flag: Samoa	flag: samoa flags	6.0
🇽🇰	flag: Kosovo	flag: kosovo flags	6.0
🇾🇪	flag: Yemen	flag: yemen flags	6.0
🇾🇹	flag: Mayotte	flag: mayotte flags	6.0
🇿🇦	flag: South Africa	flag: south africa south_africa flags	6.0
🇿🇲	flag: Zambia	flag: zambia flags	6.0
🇿🇼	flag: Zimbabwe	flag: zimbabwe flags	6.0
🏴󠁧󠁢󠁥󠁮󠁧󠁿	flag: England	flag: england flags	11.0
🏴󠁧󠁢󠁳󠁣󠁴󠁿	flag: Scotland	flag: scotland flags	11.0
🏴󠁧󠁢󠁷󠁬󠁳󠁿	flag: Wales	flag: wales flags	11.0
